"","SubmissionDate","starttime","endtime","enum","note_1","note_2","intro","consent_text","consent","note_3","resp_status","resp_interviewed","date_time","id_c","id_2_c","district_calc","id","id_2","district","sex_q2_1","day_q2_2","age_q2_3_c","age_q2_3","rel_q2_4","q2_4_oth","status_q2_5","q2_5_oth","lc1_naba_vht_q2_11","q2_12err","educ_q2_21","read_q2_22","read_q2_22b","lang_q2_23","q2_23_oth","other_lang_q2_24","q2_24err","q2_24_oth","activity_q3_1","q3_1_oth","frequency_discussion_q3_1","convers_q3_3","q3_3err","granchildren_q3_4","granchildren_boys_q3_5","food_q4_2","news_q4_1","watchTV_q4_1","mobile_q4_2","randomdraw1","random_order","note_q5_1","doctor_q5_1a","teacher_q5_1a","principal_q5_1a","official_q5_1a","judge_q5_1a","police_q5_1a","clergy_q5_1a","note_q5_1_b","doctor_q5_1b","teacher_q5_1b","police_q5_1b","clergy_q5_1b","principal_q5_1b","official_q5_1b","judge_q5_1b","note_q5_1_c","official_q5_1c","judge_q5_1c","doctor_q5_1c","teacher_q5_1c","police_q5_1c","clergy_q5_1c","principal_q5_1c","note_q5_1_d","official_q5_1d","judge_q5_1d","doctor_q5_1d","teacher_q5_1d","police_q5_1d","clergy_q5_1d","principal_q5_1d","note_q5_1_e","official_q5_1e","judge_q5_1e","doctor_q5_1e","teacher_q5_1e","police_q5_1e","clergy_q5_1e","principal_q5_1e","note_q5_1_f","official_q5_1f","judge_q5_1f","doctor_q5_1f","teacher_q5_1f","police_q5_1f","clergy_q5_1f","principal_q5_1f","goals_q6_2","q6_2err","note7_1","boys_school_q7_1","able_marry_q7_2","final_say_q7_3","child_rearing_q7_4","note8","note8_1","randomdraw2","action_q8_1a_1","action_q8_1b_1","action_q8_1b_2_1","action_q8_1c_1","action_q8_1d_1","action_q8_1d_2_1","action_q8_1a_2","action_q8_1b_2","action_q8_1b_2_2","action_q8_1c_2","action_q8_1d_2","action_q8_1d_2_2","action_q8_1a_3","action_q8_1b_3","action_q8_1b_2_3","action_q8_1c_3","action_q8_1d_3","action_q8_1d_2_3","action_q8_1a_4","action_q8_1b_4","action_q8_1b_2_4","action_q8_1c_4","action_q8_1d_4","action_q8_1d_2_4","note8_2","disobeys_q8_1a","disobeys_yes","disobeys_no","randomdraw3","chat_q8_1b","fin_pressure_q8_1c","no_housework_q8_1e","note8_3","disobeys_community_q8_2","housework_comm_q8_4","chat_community_q8_5","fin_press_comm_q8_6","react_q8_7","intervene_q8_9","spiral_risk_q8_7","note8_8","empathy_pair_q8_8","empathy_husband_q8_9","free_riding_ran","free_riding","free_riding_lug","free.riding_q8_10","free.riding_q8_10_oth","free.riding_q8_10_no","free.riding_q8_10_2","free.riding_q8_10_2no","revenge_q8_11","note8_12","forum_ran","forum","R_gender","R_not_gender","R_gender_lug","R_not_gender_lug","reporting_exp_q8_12","reporting_intro","reporting_intro_2","reporting_cost1_q8_13a","reporting_cost2_q8_13b","reporting_cost3_q8_13c","intervention_q9_1","interv_consequence_q9_2","randomdraw6","tribe_q2_25","q2_25_oth","tribe1","religion_q14_1","q14_1_oth","religion_times_q14_2","note16_1","note16_1_2","beaten_comm_q16_1","woman_beaten_q16_1b","report_q16_1c","q16_1err","report_q16_1c_oth","note_17","beating_freq_q17_2","beating_yes_q17_2b","beating_no_q17_2b","note_17_2","hh_violence_yesno_q17_2","incidents_q17_2b","hh_violence_freq_q17_3","hh_violence_yes_q17_3b","hh_violence_no_q17_3b","ipv_efficacy_q17_4","films_q17_1","other_attend_q17_2","content_q17_1b","q19_3err","content_q17_1b_oth","hear_q19_4","q19_4err","hear_q19_4_oth","note_19","q19_1","organizers_q18_1","followup_fest_q18_2","attendance_q18_3","cooperative_q20_1","person_q18_1","relationship_person_q18_2","q18_2_oth","q18_2berr","note18","note20","observe_conditions_q18_4","note20_2","survey_language","survey_language_oth","woman_kneeling","comments","instanceID","formdef_version","KEY","tc_id"
"1","May 19, 2017 6:48:00 PM","May 19, 2017 9:25:54 AM","May 19, 2017 10:50:16 AM",11,NA,NA,NA,NA,1,NA,1,1,"May 19, 2017 9:30:00 AM",41610541,41610541,"Mubende",NA,NA,NA,2,2,23,NA,NA,NA,1,NA,"7",NA,NA,NA,NA,NA,NA,NA,NA,NA,1,NA,3,"5 1 4",NA,4,5,"Matooke and Beef",5,3,5,0.930263483358327,6,NA,NA,NA,NA,NA,NA,NA,NA,NA,NA,NA,NA,NA,NA,NA,NA,NA,NA,NA,NA,NA,NA,NA,NA,NA,NA,NA,NA,NA,NA,NA,NA,NA,NA,NA,NA,NA,NA,NA,NA,NA,1,1,2,2,2,2,1,"2 3 4",NA,NA,2,1,2,1,NA,NA,0.743894578106795,NA,NA,NA,NA,NA,NA,NA,NA,NA,NA,NA,NA,2,1,NA,1,2,NA,NA,NA,NA,NA,NA,NA,NA,1,1,NA,0.438854011387037,NA,2,NA,NA,1,NA,NA,2,1,2,1,NA,1,2,0.870599708925491,"you see a group of people from your community standing nearby, discussing the incident","nolaba ekibinja ky abantu okuva mukitundu kyo nga bayimiridde okumpi, nga bogera ku kiguddewo",1,NA,NA,NA,NA,1,NA,0.788876873040999,"Police","woman","Man","omukazi","omusajja",2,NA,NA,2,2,1,2,2,0.0886463042791819,17,NA,"Mukhonjo",NA,NA,NA,NA,NA,12,4,"1",NA,NA,NA,NA,NA,NA,NA,1,2,1,2,NA,1,NA,NA,NA,NA,NA,NA,NA,NA,NA,NA,NA,1,3,1,2,NA,NA,NA,NA,NA,3,NA,1,NA,2,NA,"uuid:2381c601-5c3b-4e29-8517-b7405e904f7e",1705190627,"uuid:2381c601-5c3b-4e29-8517-b7405e904f7e",94
"2","May 19, 2017 6:48:01 PM","May 19, 2017 11:38:17 AM","May 19, 2017 12:56:48 PM",11,NA,NA,NA,NA,1,NA,2,2,"May 19, 2017 11:38:00 AM",NA,NA,NA,"T41610031","T41610031",4,2,1,NA,65,1,NA,6,NA,"9",NA,4,2,NA,2,NA,"37",NA,NA,1,NA,3,"4",NA,5,4,"Matooke and Beef",5,1,5,0.110012722472317,1,NA,2,1,2,2,2,2,2,NA,NA,NA,NA,NA,NA,NA,NA,NA,NA,NA,NA,NA,NA,NA,NA,NA,NA,NA,NA,NA,NA,NA,NA,NA,NA,NA,NA,NA,NA,NA,NA,NA,NA,NA,NA,NA,NA,NA,NA,"1 2 9",NA,NA,2,2,1,1,NA,NA,0.630503837630345,NA,NA,NA,NA,NA,NA,NA,NA,NA,NA,NA,NA,2,1,NA,1,2,NA,NA,NA,NA,NA,NA,NA,NA,2,NA,2,0.78273317092654,NA,NA,2,NA,2,2,NA,NA,1,1,1,NA,2,2,0.664941146867056,"you see a group of people from your community standing nearby, discussing the incident","nolaba ekibinja ky abantu okuva mukitundu kyo nga bayimiridde okumpi, nga bogera ku kiguddewo",2,NA,"Some couples solve their issues",NA,NA,1,NA,0.631622601825442,"Nabakyala","woman","Man","omukazi","omusajja",2,NA,NA,1,1,1,2,2,0.0450271480010492,1,NA,"Muganda",3,NA,1,NA,NA,6,0,NA,NA,NA,NA,NA,NA,NA,NA,2,NA,NA,NA,NA,1,7,4,NA,NA,NA,6,NA,"Movies were about development",NA,NA,NA,NA,NA,1,2,NA,NA,NA,NA,NA,3,NA,1,NA,1,"Respondent noted that movies shown only captured young people.adults should also be considered.","uuid:37be6242-db0c-4022-927c-b0df9d8bad25",1705190627,"uuid:37be6242-db0c-4022-927c-b0df9d8bad25",94
"3","May 19, 2017 7:13:51 PM","May 19, 2017 10:21:02 AM","May 19, 2017 11:25:04 AM",38,NA,NA,NA,NA,1,NA,1,1,"May 19, 2017 10:24:00 AM",41623081,41623081,"Mubende",NA,NA,NA,1,1,45,NA,NA,NA,1,NA,"6",NA,NA,NA,NA,NA,NA,NA,NA,NA,1,NA,1,"1 3 4 7 10",NA,6,4,"Potatoes and cassava",5,2,5,0.455581723752779,3,NA,NA,NA,NA,NA,NA,NA,NA,NA,NA,NA,NA,NA,NA,NA,NA,NA,2,2,2,2,2,2,2,NA,NA,NA,NA,NA,NA,NA,NA,NA,NA,NA,NA,NA,NA,NA,NA,NA,NA,NA,NA,NA,NA,NA,NA,"2 3 4",NA,NA,2,1,2,1,NA,NA,0.436251557027066,NA,NA,NA,NA,NA,NA,2,2,NA,2,2,NA,NA,NA,NA,NA,NA,NA,NA,NA,NA,NA,NA,NA,NA,2,NA,2,0.568947483994862,NA,2,NA,NA,2,NA,NA,2,1,1,1,NA,2,2,0.860175457847593,"you see a group of people from your community standing nearby, discussing the incident","nolaba ekibinja ky abantu okuva mukitundu kyo nga bayimiridde okumpi, nga bogera ku kiguddewo",1,NA,NA,NA,NA,1,NA,0.755262233383791,"Police","man","Woman","omusajja","omukazi",1,NA,NA,2,2,2,1,1,0.210559867303028,24,NA,"Munyoro",NA,NA,NA,NA,NA,1,0,NA,NA,NA,NA,2,NA,3,NA,NA,NA,NA,NA,NA,NA,NA,NA,NA,NA,NA,NA,NA,NA,NA,NA,NA,1,3,1,2,NA,NA,NA,NA,NA,3,NA,1,NA,3,NA,"uuid:038e0ed1-49a4-487c-88bf-77f50fcd997f",1705190627,"uuid:038e0ed1-49a4-487c-88bf-77f50fcd997f",96
"4","May 19, 2017 7:14:02 PM","May 19, 2017 11:31:04 AM","May 19, 2017 12:27:55 PM",38,NA,NA,NA,NA,1,NA,1,1,"May 19, 2017 11:39:00 AM",41623101,41623101,"Mubende",NA,NA,NA,1,2,19,NA,NA,NA,7,NA,"11",NA,NA,NA,NA,NA,NA,NA,NA,NA,15,"Loading of goods and offloading",1,"10",NA,4,5,"Posho",5,2,1,0.574609074017012,4,NA,NA,NA,NA,NA,NA,NA,NA,NA,NA,NA,NA,NA,NA,NA,NA,NA,NA,NA,NA,NA,NA,NA,NA,NA,2,2,2,2,2,2,2,NA,NA,NA,NA,NA,NA,NA,NA,NA,NA,NA,NA,NA,NA,NA,NA,"1 7 9",NA,NA,1,1,2,1,NA,NA,0.172748946295026,2,1,NA,2,1,NA,NA,NA,NA,NA,NA,NA,NA,NA,NA,NA,NA,NA,NA,NA,NA,NA,NA,NA,NA,1,1,NA,0.388799357896943,NA,2,NA,NA,2,NA,NA,2,1,1,1,NA,1,2,0.00604706604112382,"you know that you are the only who has observed the incident","ng omanyi nti gwe weka alabye ekintu ekiguddewo",1,NA,NA,NA,NA,2,NA,0.0829811610498179,"LC1","man","Woman","omusajja","omukazi",1,NA,NA,2,2,2,1,2,0.115514279133049,24,NA,"Munyoro",NA,NA,NA,NA,NA,1,0,NA,NA,NA,NA,2,NA,3,NA,NA,NA,NA,NA,NA,NA,NA,NA,NA,NA,NA,NA,NA,NA,NA,NA,NA,2,3,3,2,NA,NA,NA,NA,NA,2,NA,1,NA,3," The respondent was not very cooperative","uuid:441761ed-0ebb-443c-aa30-96406beb7df5",1705190627,"uuid:441761ed-0ebb-443c-aa30-96406beb7df5",96
"5","May 19, 2017 7:14:11 PM","May 19, 2017 9:47:24 AM","May 19, 2017 10:38:56 AM",14,NA,NA,NA,NA,1,NA,1,1,"May 19, 2017 9:52:00 AM",41613421,41613421,"Mubende",NA,NA,NA,1,1,28,NA,NA,NA,1,NA,"4",NA,NA,NA,NA,NA,NA,NA,NA,NA,13,NA,3,"7",NA,4,5,"Cassava",5,3,5,0.66052902516242,4,NA,NA,NA,NA,NA,NA,NA,NA,NA,NA,NA,NA,NA,NA,NA,NA,NA,NA,NA,NA,NA,NA,NA,NA,NA,2,2,2,1,2,2,2,NA,NA,NA,NA,NA,NA,NA,NA,NA,NA,NA,NA,NA,NA,NA,NA,"3 4 7",NA,NA,2,1,2,1,NA,NA,0.763046703567467,NA,NA,NA,NA,NA,NA,NA,NA,NA,NA,NA,NA,NA,NA,NA,NA,NA,NA,2,1,NA,1,2,NA,NA,2,NA,2,0.42390872078049,NA,2,NA,NA,2,NA,NA,2,1,1,2,NA,1,2,0.505820250489206,"you see a group of people from your community standing nearby, discussing the incident","nolaba ekibinja ky abantu okuva mukitundu kyo nga bayimiridde okumpi, nga bogera ku kiguddewo",1,NA,NA,NA,NA,1,NA,0.125316319402303,"LC1","man","Woman","omusajja","omukazi",1,NA,NA,1,1,1,1,2,0.50678524271823,1,NA,"Muganda",NA,NA,NA,NA,NA,0,NA,NA,NA,NA,NA,2,NA,3,NA,NA,NA,NA,NA,NA,NA,NA,NA,NA,NA,NA,NA,NA,NA,NA,NA,NA,1,3,1,2,NA,NA,NA,NA,NA,3,NA,1,NA,3,NA,"uuid:39abc275-35ff-4986-8067-47667e27991d",1705190627,"uuid:39abc275-35ff-4986-8067-47667e27991d",95
"6","May 19, 2017 7:14:27 PM","May 19, 2017 12:09:16 PM","May 19, 2017 1:06:46 PM",1,NA,NA,NA,NA,1,NA,1,1,"May 19, 2017 12:12:00 PM",41613231,41613231,"Mubende",NA,NA,NA,1,1,24,NA,NA,NA,1,NA,"11",NA,NA,NA,NA,NA,NA,NA,NA,NA,1,NA,3,"5 3",NA,3,3,"Sweet potatoes",3,6,4,0.445475087324432,3,NA,NA,NA,NA,NA,NA,NA,NA,NA,NA,NA,NA,NA,NA,NA,NA,NA,2,2,2,2,2,2,2,NA,NA,NA,NA,NA,NA,NA,NA,NA,NA,NA,NA,NA,NA,NA,NA,NA,NA,NA,NA,NA,NA,NA,NA,"5 7 9",NA,NA,1,1,1,1,NA,NA,0.633997944866364,NA,NA,NA,NA,NA,NA,NA,NA,NA,NA,NA,NA,2,1,NA,1,2,NA,NA,NA,NA,NA,NA,NA,NA,2,NA,1,0.766406781987368,NA,NA,2,NA,1,2,NA,NA,1,1,1,NA,1,2,0.72482930953216,"you see a group of people from your community standing nearby, discussing the incident","nolaba ekibinja ky abantu okuva mukitundu kyo nga bayimiridde okumpi, nga bogera ku kiguddewo",1,NA,NA,NA,NA,2,NA,0.0420278603358679,"LC1","man","Woman","omusajja","omukazi",1,NA,NA,1,1,1,2,2,0.906232401989825,24,NA,"Munyoro",NA,NA,NA,NA,NA,12,2,"1",NA,NA,NA,2,NA,1,NA,NA,NA,NA,NA,NA,NA,NA,NA,NA,NA,NA,NA,NA,NA,NA,1,"I really do not know, just had about free films",1,2,1,2,NA,NA,NA,NA,NA,6,NA,1,NA,4,NA,"uuid:5eab2f29-1197-4f25-97a6-51b03f67ba8a",1705190627,"uuid:5eab2f29-1197-4f25-97a6-51b03f67ba8a",95
"7","May 19, 2017 7:14:35 PM","May 19, 2017 11:31:15 AM","May 19, 2017 12:41:00 PM",29,NA,NA,NA,NA,1,NA,2,2,"May 19, 2017 11:37:00 AM",NA,NA,NA,"t41613071","t41613071",4,2,2,NA,52,2,NA,1,NA,"11",NA,4,2,NA,2,NA,"37",NA,NA,1,NA,3,"1 2 3 10",NA,4,5,"Matooke",5,6,1,0.302073689765197,2,NA,NA,NA,NA,NA,NA,NA,NA,NA,2,2,2,2,2,2,2,NA,NA,NA,NA,NA,NA,NA,NA,NA,NA,NA,NA,NA,NA,NA,NA,NA,NA,NA,NA,NA,NA,NA,NA,NA,NA,NA,NA,NA,NA,NA,NA,"1 3 9",NA,NA,1,2,1,2,NA,NA,0.929831918797656,NA,NA,NA,NA,NA,NA,NA,NA,NA,NA,NA,NA,NA,NA,NA,NA,NA,NA,2,1,NA,2,1,NA,NA,1,1,NA,0.458869188885073,NA,2,NA,NA,1,NA,NA,2,2,1,1,NA,1,1,0.376869282422643,"you know that you are the only who has observed the incident","ng omanyi nti gwe weka alabye ekintu ekiguddewo",2,NA,"I may not know  the reason for the fight or why the husband may have decided to beat the wife",NA,NA,1,NA,0.526810551466475,"Nabakyala","woman","Man","omukazi","omusajja",1,NA,NA,1,1,1,2,1,0.43795145754066,24,NA,"Munyoro",3,NA,0,NA,NA,1,1,"2 3",NA,NA,NA,NA,NA,NA,NA,2,NA,NA,NA,NA,1,7,3,NA,NA,NA,7,NA,NA,NA,NA,NA,NA,NA,2,2,NA,NA,NA,NA,NA,6,NA,1,NA,1,NA,"uuid:1d0e2183-bf0e-4f62-99b9-054494ff84e7",1705190627,"uuid:1d0e2183-bf0e-4f62-99b9-054494ff84e7",95
"8","May 19, 2017 7:14:36 PM","May 19, 2017 3:31:06 PM","May 19, 2017 4:43:45 PM",14,NA,NA,NA,NA,1,NA,2,2,"May 19, 2017 3:37:00 PM",NA,NA,NA,"t41613041","t41613041",4,1,2,NA,55,1,NA,1,NA,"2",NA,4,2,NA,2,NA,"29",NA,NA,1,NA,1,"5 3",NA,4,5,"Sweet potatoes",5,3,4,0.831085246488759,5,NA,NA,NA,NA,NA,NA,NA,NA,NA,NA,NA,NA,NA,NA,NA,NA,NA,NA,NA,NA,NA,NA,NA,NA,NA,NA,NA,NA,NA,NA,NA,NA,NA,1,2,2,1,1,2,1,NA,NA,NA,NA,NA,NA,NA,NA,"3 7 9",NA,NA,2,1,1,1,NA,NA,0.730092040049633,NA,NA,NA,NA,NA,NA,NA,NA,NA,NA,NA,NA,2,1,NA,2,2,NA,NA,NA,NA,NA,NA,NA,NA,2,NA,2,0.520789571523707,NA,2,NA,NA,2,NA,NA,2,1,1,1,NA,2,2,0.849494157464131,"you see a group of people from your community standing nearby, discussing the incident","nolaba ekibinja ky abantu okuva mukitundu kyo nga bayimiridde okumpi, nga bogera ku kiguddewo",1,NA,NA,NA,NA,1,NA,0.598614612757575,"Nabakyala","man","Woman","omusajja","omukazi",1,NA,NA,1,1,2,1,2,0.693162493938509,1,NA,"Muganda",9,NA,2,NA,NA,2,1,"4",NA,NA,NA,2,NA,2,NA,NA,NA,NA,NA,NA,NA,8,NA,NA,NA,NA,NA,NA,NA,NA,NA,NA,NA,NA,1,2,NA,NA,NA,NA,NA,6,NA,1,NA,3,"Phone owner is mrs nantumbwe ","uuid:ec51aad2-c26f-48da-9eb6-7e21e9dc4419",1705190627,"uuid:ec51aad2-c26f-48da-9eb6-7e21e9dc4419",95
"9","May 19, 2017 7:14:37 PM","May 19, 2017 10:04:57 AM","May 19, 2017 11:41:51 AM",30,NA,NA,NA,NA,1,NA,1,1,"May 19, 2017 10:09:00 AM",41623811,41623811,"Mubende",NA,NA,NA,1,3,22,NA,NA,NA,7,NA,"2",NA,NA,NA,NA,NA,NA,NA,NA,NA,1,NA,3,"10",NA,3,5,"Lumonde",5,2,5,0.0444784237769177,1,NA,2,1,2,2,2,2,1,NA,NA,NA,NA,NA,NA,NA,NA,NA,NA,NA,NA,NA,NA,NA,NA,NA,NA,NA,NA,NA,NA,NA,NA,NA,NA,NA,NA,NA,NA,NA,NA,NA,NA,NA,NA,NA,NA,NA,NA,"1 3 4",NA,NA,1,2,2,1,NA,NA,0.0628349003344711,2,1,NA,2,1,NA,NA,NA,NA,NA,NA,NA,NA,NA,NA,NA,NA,NA,NA,NA,NA,NA,NA,NA,NA,2,NA,1,0.00954213025886463,1,NA,NA,NA,1,NA,2,NA,2,1,2,NA,1,1,0.444167984912005,"you know that you are the only who has observed the incident","ng omanyi nti gwe weka alabye ekintu ekiguddewo",1,NA,NA,NA,NA,1,NA,0.039578991534268,"LC1","man","Woman","omusajja","omukazi",1,NA,NA,1,1,1,2,2,0.89044786386482,29,NA,"Mutooro",NA,NA,NA,NA,NA,2,2,"2",NA,NA,NA,1,1,NA,NA,NA,NA,NA,NA,NA,NA,NA,NA,NA,NA,NA,NA,NA,NA,NA,NA,NA,1,3,1,2,NA,NA,NA,NA,NA,4,NA,1,NA,2,NA,"uuid:17796d87-9404-4104-a475-35995a1d52dc",1705190627,"uuid:17796d87-9404-4104-a475-35995a1d52dc",96
"10","May 19, 2017 7:14:39 PM","May 19, 2017 8:14:28 PM","May 19, 2017 9:16:32 PM",23,NA,NA,NA,NA,1,NA,2,2,"May 19, 2017 8:16:00 PM",NA,NA,NA,"t41623031","t41623031",4,2,2,NA,34,2,NA,1,NA,"11",NA,11,NA,2,34,NA,"1 2 29",NA,NA,15,"Musawo",3,"1 3 4",NA,3,8,"Matooke Ne nyama",5,1,5,0.139246061461555,1,NA,1,2,2,2,2,2,2,NA,NA,NA,NA,NA,NA,NA,NA,NA,NA,NA,NA,NA,NA,NA,NA,NA,NA,NA,NA,NA,NA,NA,NA,NA,NA,NA,NA,NA,NA,NA,NA,NA,NA,NA,NA,NA,NA,NA,NA,"1 2 3",NA,NA,2,1,2,2,NA,NA,0.996358273025803,NA,NA,NA,NA,NA,NA,NA,NA,NA,NA,NA,NA,NA,NA,NA,NA,NA,NA,1,1,NA,2,1,NA,NA,2,NA,2,0.70073582250501,NA,NA,2,NA,2,2,NA,NA,1,1,1,NA,1,2,0.203481483802396,"you know that you are the only who has observed the incident","ng omanyi nti gwe weka alabye ekintu ekiguddewo",1,NA,NA,NA,NA,2,NA,0.447382740534985,"Nabakyala","woman","Man","omukazi","omusajja",2,NA,NA,2,2,2,1,2,0.252146675276595,29,NA,"Mutooro",9,NA,2,NA,NA,0,NA,NA,NA,NA,NA,NA,NA,NA,NA,2,NA,NA,NA,NA,1,7,4,NA,NA,NA,7,NA,NA,NA,NA,NA,NA,NA,1,2,NA,NA,NA,NA,NA,3,NA,1,NA,1,"She was some how in a hurry  but we managed to complete. Did not capture the GPS ","uuid:fa66d038-dcd9-4578-bef6-542c20e39ee6",1705190627,"uuid:fa66d038-dcd9-4578-bef6-542c20e39ee6",96
"11","May 19, 2017 7:14:39 PM","May 19, 2017 11:30:28 AM","May 19, 2017 12:35:56 PM",5,NA,NA,NA,NA,1,NA,1,1,"May 19, 2017 11:31:00 PM",41613171,41613171,"Mubende",NA,NA,NA,1,3,45,NA,NA,NA,1,NA,"6 8",NA,NA,NA,NA,NA,NA,NA,NA,NA,1,NA,2,"5 7 10",NA,3,3,"Sweet potatoes",5,2,5,0.555997711329859,4,NA,NA,NA,NA,NA,NA,NA,NA,NA,NA,NA,NA,NA,NA,NA,NA,NA,NA,NA,NA,NA,NA,NA,NA,NA,2,1,2,1,2,2,2,NA,NA,NA,NA,NA,NA,NA,NA,NA,NA,NA,NA,NA,NA,NA,NA,"4 7 9",NA,NA,2,1,1,1,NA,NA,0.0196398601417531,2,2,NA,1,2,NA,NA,NA,NA,NA,NA,NA,NA,NA,NA,NA,NA,NA,NA,NA,NA,NA,NA,NA,NA,2,NA,2,0.152567405968713,2,NA,NA,NA,2,NA,2,NA,1,1,1,NA,2,1,0.371133262030323,"you know that you are the only who has observed the incident","ng omanyi nti gwe weka alabye ekintu ekiguddewo",1,NA,NA,NA,NA,1,NA,0.568200664216939,"Nabakyala","man","Woman","omusajja","omukazi",1,NA,NA,1,1,1,1,1,0.272369092370772,1,NA,"Muganda",NA,NA,NA,NA,NA,0,NA,NA,NA,NA,NA,1,NA,NA,NA,NA,NA,NA,NA,NA,NA,NA,NA,NA,NA,NA,NA,NA,NA,NA,NA,NA,1,3,1,2,NA,NA,NA,NA,NA,4,NA,1,NA,1,NA,"uuid:bae71f00-17bf-4fd1-921e-9ed9d7843735",1705190627,"uuid:bae71f00-17bf-4fd1-921e-9ed9d7843735",95
"12","May 19, 2017 7:14:40 PM","May 19, 2017 2:55:19 PM","May 19, 2017 3:54:54 PM",5,NA,NA,NA,NA,1,NA,1,1,"May 19, 2017 2:56:00 PM",41613061,41613061,"Mubende",NA,NA,NA,1,2,33,NA,NA,NA,1,NA,"11",NA,NA,NA,NA,NA,NA,NA,NA,NA,3,NA,3,"3 4",NA,4,5,"Millet",4,3,5,0.731894223550167,5,NA,NA,NA,NA,NA,NA,NA,NA,NA,NA,NA,NA,NA,NA,NA,NA,NA,NA,NA,NA,NA,NA,NA,NA,NA,NA,NA,NA,NA,NA,NA,NA,NA,1,2,2,2,1,2,1,NA,NA,NA,NA,NA,NA,NA,NA,"2 3 9",NA,NA,2,2,1,1,NA,NA,0.502844212260773,NA,NA,NA,NA,NA,NA,NA,NA,NA,NA,NA,NA,2,1,NA,1,1,NA,NA,NA,NA,NA,NA,NA,NA,2,NA,2,0.121390210395633,1,NA,NA,NA,1,NA,1,NA,2,2,1,NA,2,2,0.432075260059795,"you know that you are the only who has observed the incident","ng omanyi nti gwe weka alabye ekintu ekiguddewo",1,NA,NA,NA,NA,2,NA,0.668864625279472,"Police","man","Woman","omusajja","omukazi",1,NA,NA,1,1,1,1,1,0.886468513742272,1,NA,"Muganda",NA,NA,NA,NA,NA,0,NA,NA,NA,NA,NA,2,NA,2,NA,NA,NA,NA,NA,NA,NA,NA,NA,NA,NA,NA,NA,NA,NA,NA,NA,NA,1,2,1,2,NA,NA,NA,NA,NA,3,NA,1,NA,3,"Respondent complained that the area mp mbwatekamwa say over Tropical FM the he has sent IPA people to do research on his behalf. ","uuid:3dfda0b1-4d58-4d93-88aa-3c35ebc50b17",1705190627,"uuid:3dfda0b1-4d58-4d93-88aa-3c35ebc50b17",95
"13","May 19, 2017 7:14:47 PM","May 19, 2017 2:44:25 PM","May 19, 2017 3:37:06 PM",30,NA,NA,NA,NA,1,NA,1,1,"May 19, 2017 2:52:00 PM",41623271,41623271,"Mubende",NA,NA,NA,1,1,21,NA,NA,NA,7,NA,"9",NA,NA,NA,NA,NA,NA,NA,NA,NA,13,NA,2,"2 10",NA,2,5,"Matooke nyama",5,3,5,0.886739728638687,6,NA,NA,NA,NA,NA,NA,NA,NA,NA,NA,NA,NA,NA,NA,NA,NA,NA,NA,NA,NA,NA,NA,NA,NA,NA,NA,NA,NA,NA,NA,NA,NA,NA,NA,NA,NA,NA,NA,NA,NA,NA,1,1,2,2,1,2,1,"1 3 4",NA,NA,2,1,1,1,NA,NA,0.23182925575828,2,1,NA,1,1,NA,NA,NA,NA,NA,NA,NA,NA,NA,NA,NA,NA,NA,NA,NA,NA,NA,NA,NA,NA,1,1,NA,0.378131673491328,NA,2,NA,NA,1,NA,NA,2,2,2,1,NA,2,2,0.396303082585452,"you know that you are the only who has observed the incident","ng omanyi nti gwe weka alabye ekintu ekiguddewo",1,NA,NA,NA,NA,2,NA,0.0384824851907491,"LC1","man","Woman","omusajja","omukazi",1,NA,NA,1,1,1,1,1,0.523490579614729,24,NA,"Munyoro",NA,NA,NA,NA,NA,2,1,"2",NA,NA,NA,2,NA,1,NA,NA,NA,NA,NA,NA,NA,NA,NA,NA,NA,NA,NA,NA,NA,NA,NA,NA,2,3,2,2,NA,NA,NA,NA,NA,3,NA,1,NA,3,NA,"uuid:b2fab761-0d57-40c6-a572-c743f6927cbb",1705190627,"uuid:b2fab761-0d57-40c6-a572-c743f6927cbb",96
"14","May 19, 2017 7:14:49 PM","May 19, 2017 11:25:09 PM","May 20, 2017 12:47:52 AM",23,NA,NA,NA,NA,1,NA,2,2,"May 19, 2017 11:30:00 PM",NA,NA,NA,"t41623021","t41623021",4,2,1,NA,49,2,NA,1,NA,"11",NA,6,2,NA,34,NA,"2",NA,NA,1,NA,3,"5 1",NA,3,8,"Matooke ne enva endiibwa",5,6,5,0.623239207796796,4,NA,NA,NA,NA,NA,NA,NA,NA,NA,NA,NA,NA,NA,NA,NA,NA,NA,NA,NA,NA,NA,NA,NA,NA,NA,2,2,1,2,2,2,2,NA,NA,NA,NA,NA,NA,NA,NA,NA,NA,NA,NA,NA,NA,NA,NA,"1 4 9",NA,NA,2,2,2,1,NA,NA,0.997001647003196,NA,NA,NA,NA,NA,NA,NA,NA,NA,NA,NA,NA,NA,NA,NA,NA,NA,NA,2,1,NA,1,1,NA,NA,2,NA,1,0.72360150784007,NA,NA,2,NA,2,2,NA,NA,2,1,1,NA,1,1,0.972611731613997,"you see a group of people from your community standing nearby, discussing the incident","nolaba ekibinja ky abantu okuva mukitundu kyo nga bayimiridde okumpi, nga bogera ku kiguddewo",1,NA,NA,NA,NA,1,NA,0.958554112594525,"Police","woman","Man","omukazi","omusajja",2,NA,NA,1,NA,NA,1,2,0.976640324967735,29,NA,"Mutooro",2,NA,1,NA,NA,0,NA,NA,NA,NA,NA,NA,NA,NA,NA,2,NA,NA,NA,NA,2,7,4,NA,NA,NA,7,NA,NA,NA,NA,NA,NA,NA,1,2,NA,NA,NA,NA,NA,4,NA,1,NA,1,NA,"uuid:4ee478a1-f3f3-4d7d-9af9-0eb7ba0a0405",1705190627,"uuid:4ee478a1-f3f3-4d7d-9af9-0eb7ba0a0405",96
"15","May 19, 2017 8:18:05 PM","May 19, 2017 10:28:52 AM","May 19, 2017 11:54:48 AM",35,NA,NA,NA,NA,1,NA,2,2,"May 19, 2017 10:37:00 AM",NA,NA,NA,"t41601011","t41601011",4,2,2,NA,45,2,NA,2,NA,"11",NA,4,2,NA,26,NA,"2",NA,NA,1,NA,2,"10",NA,6,5,"Cassava",5,6,5,0.225717797390603,2,NA,NA,NA,NA,NA,NA,NA,NA,NA,2,1,2,1,2,2,2,NA,NA,NA,NA,NA,NA,NA,NA,NA,NA,NA,NA,NA,NA,NA,NA,NA,NA,NA,NA,NA,NA,NA,NA,NA,NA,NA,NA,NA,NA,NA,NA,"2 3 7",NA,NA,2,2,1,1,NA,NA,0.650372455231829,NA,NA,NA,NA,NA,NA,NA,NA,NA,NA,NA,NA,2,1,NA,1,2,NA,NA,NA,NA,NA,NA,NA,NA,2,NA,2,0.287535937169941,2,NA,NA,NA,2,NA,2,NA,1,1,1,NA,1,1,0.022019304210081,"you know that you are the only who has observed the incident","ng omanyi nti gwe weka alabye ekintu ekiguddewo",2,NA,"The leaders are  at afar away distance",NA,NA,2,NA,0.632554247800466,"Nabakyala","woman","Man","omukazi","omusajja",1,NA,NA,1,1,2,1,2,0.209356578657806,14,NA,"Mufumbira",3,NA,1,NA,NA,2,0,NA,NA,NA,NA,NA,NA,NA,NA,2,NA,NA,NA,NA,1,8,4,NA,NA,NA,NA,NA,NA,NA,NA,NA,NA,NA,1,2,NA,NA,NA,NA,NA,2,NA,1,NA,1,NA,"uuid:cc20d54c-5b01-4989-9e99-bcc2223e927b",1705190627,"uuid:cc20d54c-5b01-4989-9e99-bcc2223e927b",93
"16","May 19, 2017 8:18:26 PM","May 19, 2017 1:40:35 PM","May 19, 2017 3:43:45 PM",16,NA,NA,NA,NA,1,NA,2,2,"May 19, 2017 1:41:00 PM",NA,NA,NA,"t41610061","t41610061",4,2,1,NA,30,2,NA,1,NA,"11",NA,5,2,NA,2,NA,"31",NA,NA,12,NA,3,"10",NA,8,5,"Sweet potatoes",5,3,3,0.279360310400583,2,NA,NA,NA,NA,NA,NA,NA,NA,NA,2,2,2,2,2,2,2,NA,NA,NA,NA,NA,NA,NA,NA,NA,NA,NA,NA,NA,NA,NA,NA,NA,NA,NA,NA,NA,NA,NA,NA,NA,NA,NA,NA,NA,NA,NA,NA,"3 5 9",NA,NA,1,1,1,2,NA,NA,0.908633168183139,NA,NA,NA,NA,NA,NA,NA,NA,NA,NA,NA,NA,NA,NA,NA,NA,NA,NA,1,2,NA,2,1,NA,NA,2,NA,2,0.215083380264602,1,NA,NA,NA,1,NA,1,NA,2,2,1,NA,1,1,0.788612336324729,"you see a group of people from your community standing nearby, discussing the incident","nolaba ekibinja ky abantu okuva mukitundu kyo nga bayimiridde okumpi, nga bogera ku kiguddewo",2,NA,"I mind my business",NA,NA,1,NA,0.519250103835149,"Nabakyala","woman","Man","omukazi","omusajja",2,NA,NA,1,1,2,1,2,0.535166722740301,24,NA,"Munyoro",3,NA,1,NA,NA,1,1,"4",NA,NA,NA,NA,NA,NA,NA,1,1,2,NA,3,1,7,4,NA,NA,NA,7,NA,NA,NA,NA,NA,NA,NA,3,2,NA,NA,NA,NA,NA,3,NA,1,NA,1,NA,"uuid:e461894f-e76b-4501-91a5-5a25d47bd195",1705190627,"uuid:e461894f-e76b-4501-91a5-5a25d47bd195",94
"17","May 19, 2017 8:19:09 PM","May 19, 2017 8:48:33 AM","May 19, 2017 9:46:41 AM",10,NA,NA,NA,NA,1,NA,1,1,"May 19, 2017 8:53:00 AM",40135501,40135501,"Mubende",NA,NA,NA,1,1,27,NA,NA,NA,1,NA,"7",NA,NA,NA,NA,NA,NA,NA,NA,NA,13,NA,3,"5 1 3 4 7 10",NA,4,5,"Sweet potatoes",5,2,5,0.801872102873467,5,NA,NA,NA,NA,NA,NA,NA,NA,NA,NA,NA,NA,NA,NA,NA,NA,NA,NA,NA,NA,NA,NA,NA,NA,NA,NA,NA,NA,NA,NA,NA,NA,NA,2,1,1,1,1,2,1,NA,NA,NA,NA,NA,NA,NA,NA,"3 4 5",NA,NA,1,1,1,1,NA,NA,0.817246679870862,NA,NA,NA,NA,NA,NA,NA,NA,NA,NA,NA,NA,NA,NA,NA,NA,NA,NA,1,2,NA,1,1,NA,NA,1,1,NA,0.338159752269113,NA,2,NA,NA,2,NA,NA,2,1,1,1,NA,1,1,0.314655080561925,"you know that you are the only who has observed the incident","ng omanyi nti gwe weka alabye ekintu ekiguddewo",1,NA,NA,NA,NA,2,NA,0.770689363925196,"Police","man","Woman","omusajja","omukazi",1,NA,NA,1,1,1,1,2,0.457079730468135,24,NA,"Munyoro",NA,NA,NA,NA,NA,4,1,"1 2",NA,NA,NA,1,1,NA,NA,NA,NA,NA,NA,NA,NA,NA,NA,NA,NA,NA,NA,NA,NA,NA,NA,NA,1,2,1,2,NA,NA,NA,NA,NA,6,NA,1,NA,4,NA,"uuid:3d411bd7-906f-4e7d-84e8-9e6c36ef66b5",1705190627,"uuid:3d411bd7-906f-4e7d-84e8-9e6c36ef66b5",84
"18","May 19, 2017 8:19:10 PM","May 19, 2017 3:12:36 PM","May 19, 2017 5:19:55 PM",10,NA,NA,NA,NA,1,NA,1,1,"May 19, 2017 3:17:00 PM",40135411,40135411,"Mubende",NA,NA,NA,1,3,30,NA,NA,NA,1,NA,"7",NA,NA,NA,NA,NA,NA,NA,NA,NA,6,NA,2,"5 1 3 4 10",NA,3,3,"Matooke",5,3,5,0.044468121101056,1,NA,2,1,1,2,2,2,1,NA,NA,NA,NA,NA,NA,NA,NA,NA,NA,NA,NA,NA,NA,NA,NA,NA,NA,NA,NA,NA,NA,NA,NA,NA,NA,NA,NA,NA,NA,NA,NA,NA,NA,NA,NA,NA,NA,NA,NA,"4 7 9",NA,NA,1,2,2,2,NA,NA,0.368962297445306,NA,NA,NA,NA,NA,NA,1,2,NA,1,2,NA,NA,NA,NA,NA,NA,NA,NA,NA,NA,NA,NA,NA,NA,2,NA,2,0.0406198592501106,2,NA,NA,NA,2,NA,2,NA,1,1,1,NA,1,1,0.80182754460534,"you see a group of people from your community standing nearby, discussing the incident","nolaba ekibinja ky abantu okuva mukitundu kyo nga bayimiridde okumpi, nga bogera ku kiguddewo",1,NA,NA,NA,NA,1,NA,0.56547666446955,"Nabakyala","man","Woman","omusajja","omukazi",1,NA,NA,2,1,2,2,2,0.763680807906183,21,NA,"Munyankole",NA,NA,NA,NA,NA,4,2,"3",NA,NA,NA,1,1,NA,NA,NA,NA,NA,NA,NA,NA,NA,NA,NA,NA,NA,NA,NA,NA,NA,NA,NA,1,3,1,2,NA,NA,NA,NA,NA,3,NA,1,NA,2,NA,"uuid:45359e04-fa55-4163-9c77-0d6d3ca2508e",1705190627,"uuid:45359e04-fa55-4163-9c77-0d6d3ca2508e",84
"19","May 19, 2017 8:19:15 PM","May 19, 2017 4:12:11 PM","May 19, 2017 4:59:24 PM",10,NA,NA,NA,NA,1,NA,1,1,"May 19, 2017 4:21:00 PM",40135451,40135451,"Mubende",NA,NA,NA,1,3,27,NA,NA,NA,1,NA,"11",NA,NA,NA,NA,NA,NA,NA,NA,NA,1,NA,3,"1 2 4 10",NA,3,3,"Sweet potatoes",5,6,5,0.841504707183884,6,NA,NA,NA,NA,NA,NA,NA,NA,NA,NA,NA,NA,NA,NA,NA,NA,NA,NA,NA,NA,NA,NA,NA,NA,NA,NA,NA,NA,NA,NA,NA,NA,NA,NA,NA,NA,NA,NA,NA,NA,NA,1,2,2,2,1,2,1,"2 3 4",NA,NA,2,2,2,1,NA,NA,0.971043570691304,NA,NA,NA,NA,NA,NA,NA,NA,NA,NA,NA,NA,NA,NA,NA,NA,NA,NA,1,2,NA,1,2,NA,NA,2,NA,2,0.612069225274993,NA,2,NA,NA,2,NA,NA,2,1,1,1,NA,1,1,0.533108919219791,"you see a group of people from your community standing nearby, discussing the incident","nolaba ekibinja ky abantu okuva mukitundu kyo nga bayimiridde okumpi, nga bogera ku kiguddewo",1,NA,NA,NA,NA,2,NA,0.0728342368219433,"LC1","man","Woman","omusajja","omukazi",1,NA,NA,2,2,2,1,1,0.835685145758896,1,NA,"Muganda",NA,NA,NA,NA,NA,1,1,"1 2 3",NA,NA,NA,1,1,NA,NA,NA,NA,NA,NA,NA,NA,NA,NA,NA,NA,NA,NA,NA,NA,NA,NA,NA,1,3,1,2,NA,NA,NA,NA,NA,3,NA,1,NA,1,NA,"uuid:d96a5af8-f827-4058-ab1e-1203c8b812f3",1705190627,"uuid:d96a5af8-f827-4058-ab1e-1203c8b812f3",84
"20","May 19, 2017 8:19:17 PM","May 19, 2017 9:10:42 AM","May 19, 2017 10:49:06 AM",8,NA,NA,NA,NA,1,NA,1,1,"May 19, 2017 9:11:00 AM",40135401,40135401,"Mubende",NA,NA,NA,1,1,18,NA,NA,NA,7,NA,"8",NA,NA,NA,NA,NA,NA,NA,NA,NA,13,NA,3,"10",NA,4,5,"Matooke",5,6,4,0.16710941969676,2,NA,NA,NA,NA,NA,NA,NA,NA,NA,1,2,1,1,2,2,2,NA,NA,NA,NA,NA,NA,NA,NA,NA,NA,NA,NA,NA,NA,NA,NA,NA,NA,NA,NA,NA,NA,NA,NA,NA,NA,NA,NA,NA,NA,NA,NA,"3 4 5",NA,NA,2,1,2,1,NA,NA,0.696112682910572,NA,NA,NA,NA,NA,NA,NA,NA,NA,NA,NA,NA,2,2,NA,1,2,NA,NA,NA,NA,NA,NA,NA,NA,2,NA,2,0.730180949876675,NA,NA,2,NA,2,2,NA,NA,1,1,1,NA,1,2,0.213153962479207,"you know that you are the only who has observed the incident","ng omanyi nti gwe weka alabye ekintu ekiguddewo",1,NA,NA,NA,NA,2,NA,0.317288401232433,"LC1","man","Woman","omusajja","omukazi",1,NA,NA,1,1,2,1,1,0.269069108768714,24,NA,"Munyoro",NA,NA,NA,NA,NA,3,1,"2",NA,NA,NA,2,NA,1,NA,NA,NA,NA,NA,NA,NA,NA,NA,NA,NA,NA,NA,NA,NA,NA,NA,NA,1,3,1,2,NA,NA,NA,NA,NA,3,NA,1,NA,2,"You didnot hear me reading the consent because i read it first but later i foundout that the respondent was not certain of his age so i had to consult team leader and told me to ignore the survey but later told me to continue after consulting from Howard so i just started the survey without reading the consent because i had read it at first and  the complier signed.","uuid:f18bafc4-906f-47f5-8344-5f2db12214b7",1705190627,"uuid:f18bafc4-906f-47f5-8344-5f2db12214b7",84
"21","May 19, 2017 8:19:20 PM","May 19, 2017 2:33:57 PM","May 19, 2017 3:54:53 PM",8,NA,NA,NA,NA,1,NA,1,1,"May 19, 2017 2:45:00 PM",40135351,40135351,"Mubende",NA,NA,NA,1,1,32,NA,NA,NA,2,NA,"2 6",NA,NA,NA,NA,NA,NA,NA,NA,NA,1,NA,1,"5 1 2 3 4 7 10",NA,2,5,"Posho",4,6,4,0.77548977684266,5,NA,NA,NA,NA,NA,NA,NA,NA,NA,NA,NA,NA,NA,NA,NA,NA,NA,NA,NA,NA,NA,NA,NA,NA,NA,NA,NA,NA,NA,NA,NA,NA,NA,2,2,2,1,1,2,2,NA,NA,NA,NA,NA,NA,NA,NA,"2 3 4",NA,NA,2,1,2,1,NA,NA,0.208103878671629,1,2,NA,1,2,NA,NA,NA,NA,NA,NA,NA,NA,NA,NA,NA,NA,NA,NA,NA,NA,NA,NA,NA,NA,2,NA,1,0.954755731417211,NA,NA,2,NA,2,1,NA,NA,1,1,1,NA,1,2,0.498902745491941,"you know that you are the only who has observed the incident","ng omanyi nti gwe weka alabye ekintu ekiguddewo",1,NA,NA,NA,NA,2,NA,0.804613392227568,"Police","man","Woman","omusajja","omukazi",1,NA,NA,2,1,2,1,2,0.395555848182318,14,NA,"Mufumbira",NA,NA,NA,NA,NA,3,1,"2 3",NA,NA,NA,2,NA,1,NA,NA,NA,NA,NA,NA,NA,NA,NA,NA,NA,NA,NA,NA,NA,NA,NA,NA,1,3,1,2,NA,NA,NA,NA,NA,4,NA,1,NA,2,"He was good","uuid:ce2b0e88-c6a7-4b72-adef-5de1c9661c58",1705190627,"uuid:ce2b0e88-c6a7-4b72-adef-5de1c9661c58",84
"22","May 19, 2017 8:21:10 PM","May 19, 2017 3:12:36 PM","May 19, 2017 8:21:05 PM",10,NA,NA,NA,NA,1,NA,1,1,"May 19, 2017 3:17:00 PM",40135411,40135411,"Mubende",NA,NA,NA,1,3,30,NA,NA,NA,1,NA,"7",NA,NA,NA,NA,NA,NA,NA,NA,NA,6,NA,2,"5 1 3 4 10",NA,3,3,"Matooke",5,3,5,0.044468121101056,1,NA,2,1,1,2,2,2,1,NA,NA,NA,NA,NA,NA,NA,NA,NA,NA,NA,NA,NA,NA,NA,NA,NA,NA,NA,NA,NA,NA,NA,NA,NA,NA,NA,NA,NA,NA,NA,NA,NA,NA,NA,NA,NA,NA,NA,NA,"4 7 9",NA,NA,1,2,2,2,NA,NA,0.368962297445306,NA,NA,NA,NA,NA,NA,1,2,NA,1,2,NA,NA,NA,NA,NA,NA,NA,NA,NA,NA,NA,NA,NA,NA,2,NA,2,0.0406198592501106,2,NA,NA,NA,2,NA,2,NA,1,1,1,NA,1,1,0.80182754460534,"you see a group of people from your community standing nearby, discussing the incident","nolaba ekibinja ky abantu okuva mukitundu kyo nga bayimiridde okumpi, nga bogera ku kiguddewo",1,NA,NA,NA,NA,1,NA,0.56547666446955,"Nabakyala","man","Woman","omusajja","omukazi",1,NA,NA,2,1,2,2,2,0.763680807906183,21,NA,"Munyankole",NA,NA,NA,NA,NA,4,2,"3",NA,NA,NA,1,1,NA,NA,NA,NA,NA,NA,NA,NA,NA,NA,NA,NA,NA,NA,NA,NA,NA,NA,NA,1,3,1,2,NA,NA,NA,NA,NA,3,NA,1,NA,2,NA,"uuid:91004a0f-fb40-4c30-948d-5faded8f6f1a",1705190627,"uuid:91004a0f-fb40-4c30-948d-5faded8f6f1a",84
"23","May 19, 2017 8:22:14 PM","May 19, 2017 8:52:03 AM","May 19, 2017 9:57:54 AM",9,NA,NA,NA,NA,1,NA,2,2,"May 19, 2017 8:54:00 AM",NA,NA,NA,"t40135051","t40135051",4,2,1,NA,46,2,NA,1,NA,"11",NA,3,2,NA,2,NA,"31",NA,NA,7,NA,3,"5 4 10",NA,4,5,"Sweet potatoes",5,6,4,0.882692614970379,6,NA,NA,NA,NA,NA,NA,NA,NA,NA,NA,NA,NA,NA,NA,NA,NA,NA,NA,NA,NA,NA,NA,NA,NA,NA,NA,NA,NA,NA,NA,NA,NA,NA,NA,NA,NA,NA,NA,NA,NA,NA,2,2,2,2,2,2,2,"1 2 4",NA,NA,2,1,2,2,NA,NA,0.0779415804010244,2,1,NA,2,2,NA,NA,NA,NA,NA,NA,NA,NA,NA,NA,NA,NA,NA,NA,NA,NA,NA,NA,NA,NA,2,NA,2,0.642934176356643,NA,2,NA,NA,NA,NA,NA,2,1,1,1,NA,1,1,0.505453440724318,"you see a group of people from your community standing nearby, discussing the incident","nolaba ekibinja ky abantu okuva mukitundu kyo nga bayimiridde okumpi, nga bogera ku kiguddewo",1,NA,NA,NA,NA,2,NA,0.194095051420278,"LC1","woman","Man","omukazi","omusajja",2,NA,NA,1,1,1,1,1,0.611473151229273,24,NA,"Munyoro",3,NA,1,NA,NA,1,1,"2",NA,NA,NA,NA,NA,NA,NA,2,NA,NA,NA,NA,1,7,2,NA,NA,NA,5,NA,NA,NA,NA,NA,NA,NA,1,2,NA,NA,NA,NA,NA,4,NA,1,NA,1,"Completed well , but GPS doesntt capture","uuid:5af94329-1b89-4180-94c6-6642f6970e3f",1705190627,"uuid:5af94329-1b89-4180-94c6-6642f6970e3f",112
"24","May 19, 2017 8:23:59 PM","May 19, 2017 9:29:29 AM","May 19, 2017 10:38:06 AM",20,NA,NA,NA,NA,1,NA,1,1,"May 19, 2017 9:36:00 AM",40135271,40135271,"Mubende",NA,NA,NA,2,1,28,NA,NA,NA,1,NA,"11",NA,NA,NA,NA,NA,NA,NA,NA,NA,1,NA,1,"1",NA,3,3,"Matooke ",5,6,4,0.870286206410043,6,NA,NA,NA,NA,NA,NA,NA,NA,NA,NA,NA,NA,NA,NA,NA,NA,NA,NA,NA,NA,NA,NA,NA,NA,NA,NA,NA,NA,NA,NA,NA,NA,NA,NA,NA,NA,NA,NA,NA,NA,NA,2,2,2,2,2,2,2,"2 3 4",NA,NA,2,1,2,2,NA,NA,0.219789320297115,2,1,NA,2,2,NA,NA,NA,NA,NA,NA,NA,NA,NA,NA,NA,NA,NA,NA,NA,NA,NA,NA,NA,NA,1,1,NA,0.222272188101992,2,NA,NA,NA,1,NA,1,NA,1,1,1,NA,1,2,0.926640934089131,"you see a group of people from your community standing nearby, discussing the incident","nolaba ekibinja ky abantu okuva mukitundu kyo nga bayimiridde okumpi, nga bogera ku kiguddewo",1,NA,NA,NA,NA,2,NA,0.295136499238946,"LC1","woman","Man","omukazi","omusajja",2,NA,NA,1,1,2,1,1,0.858791862554351,1,NA,"Muganda",NA,NA,NA,NA,NA,3,1,"3",NA,NA,NA,NA,NA,NA,NA,2,NA,NA,NA,NA,1,NA,NA,NA,NA,NA,NA,NA,NA,NA,NA,NA,1,2,1,2,NA,NA,NA,NA,NA,3,NA,1,NA,1,NA,"uuid:ee3c0be5-1d7b-4584-bcac-6dc34e7ad719",1705190627,"uuid:ee3c0be5-1d7b-4584-bcac-6dc34e7ad719",84
"25","May 19, 2017 8:24:02 PM","May 19, 2017 12:26:56 PM","May 19, 2017 2:19:16 PM",20,NA,NA,NA,NA,1,NA,1,1,"May 19, 2017 12:35:00 PM",40135261,40135261,"Mubende",NA,NA,NA,2,2,40,NA,NA,NA,5,NA,"11",NA,NA,NA,NA,NA,NA,NA,NA,NA,9,NA,3,"5 1 4 10",NA,4,5,"Matooke",1,6,5,0.716827495904399,5,NA,NA,NA,NA,NA,NA,NA,NA,NA,NA,NA,NA,NA,NA,NA,NA,NA,NA,NA,NA,NA,NA,NA,NA,NA,NA,NA,NA,NA,NA,NA,NA,NA,2,2,2,2,2,2,1,NA,NA,NA,NA,NA,NA,NA,NA,"1 4 9",NA,NA,2,2,2,1,NA,NA,0.937506215996252,NA,NA,NA,NA,NA,NA,NA,NA,NA,NA,NA,NA,NA,NA,NA,NA,NA,NA,1,1,NA,1,1,NA,NA,2,NA,2,0.571005592066769,NA,2,NA,NA,2,NA,NA,2,1,1,2,NA,1,2,0.375340060028362,"you know that you are the only who has observed the incident","ng omanyi nti gwe weka alabye ekintu ekiguddewo",1,NA,NA,NA,NA,1,NA,0.17597321365881,"LC1","woman","Man","omukazi","omusajja",1,NA,NA,1,1,1,1,1,0.869227532482458,24,NA,"Munyoro",NA,NA,NA,NA,NA,2,2,"4",NA,NA,NA,NA,NA,NA,NA,2,NA,NA,NA,NA,1,NA,NA,NA,NA,NA,NA,NA,NA,NA,NA,NA,1,4,1,2,NA,NA,NA,NA,NA,4,NA,1,NA,1,"Respondent later says she just separated but not really single. GPS was captured from her current residence","uuid:04c6a118-dc6a-4bcf-bb96-e7309a4fd689",1705190627,"uuid:04c6a118-dc6a-4bcf-bb96-e7309a4fd689",84
"26","May 19, 2017 8:24:35 PM","May 19, 2017 8:43:47 AM","May 19, 2017 9:54:23 AM",22,NA,NA,NA,NA,1,NA,1,1,"May 19, 2017 8:51:00 AM",40135221,40135221,"Mubende",NA,NA,NA,2,2,19,NA,NA,NA,1,NA,"11",NA,NA,NA,NA,NA,NA,NA,NA,NA,1,NA,3,"4 10",NA,4,5,"Matooke",5,6,5,0.397380412572823,3,NA,NA,NA,NA,NA,NA,NA,NA,NA,NA,NA,NA,NA,NA,NA,NA,NA,2,1,2,1,2,1,2,NA,NA,NA,NA,NA,NA,NA,NA,NA,NA,NA,NA,NA,NA,NA,NA,NA,NA,NA,NA,NA,NA,NA,NA,"2 5 9",NA,NA,1,2,2,2,NA,NA,0.917913406909368,NA,NA,NA,NA,NA,NA,NA,NA,NA,NA,NA,NA,NA,NA,NA,NA,NA,NA,2,1,NA,2,2,NA,NA,2,NA,2,0.383541728888919,NA,2,NA,NA,2,NA,NA,2,2,2,1,NA,1,2,0.532765292546596,"you see a group of people from your community standing nearby, discussing the incident","nolaba ekibinja ky abantu okuva mukitundu kyo nga bayimiridde okumpi, nga bogera ku kiguddewo",2,NA,"If the victim hasn't reported the instance, she has no reason why she should report.",NA,NA,1,NA,0.501712398697489,"Nabakyala","woman","Man","omukazi","omusajja",2,NA,NA,2,1,1,1,2,0.80015489975701,18,NA,"Mukiga",NA,NA,NA,NA,NA,3,1,"1",NA,NA,NA,NA,NA,NA,NA,2,NA,NA,NA,NA,2,NA,NA,NA,NA,NA,NA,NA,NA,NA,NA,NA,1,3,1,2,NA,NA,NA,NA,NA,2,NA,1,NA,1,NA,"uuid:49352f5b-ca4d-4618-8a5f-f9539d961fb7",1705190627,"uuid:49352f5b-ca4d-4618-8a5f-f9539d961fb7",84
"27","May 19, 2017 8:28:10 PM","May 19, 2017 10:09:07 AM","May 19, 2017 11:37:54 AM",6,NA,NA,NA,NA,1,NA,2,2,"May 19, 2017 10:15:00 AM",NA,NA,NA,"t40135011","t40135011",4,1,2,NA,43,1,NA,1,NA,"11",NA,18,NA,4,2,NA,"34",NA,NA,1,NA,3,"1 4 10",NA,4,5,"Banana",5,6,5,0.306942716982214,2,NA,NA,NA,NA,NA,NA,NA,NA,NA,2,1,2,2,1,2,2,NA,NA,NA,NA,NA,NA,NA,NA,NA,NA,NA,NA,NA,NA,NA,NA,NA,NA,NA,NA,NA,NA,NA,NA,NA,NA,NA,NA,NA,NA,NA,NA,"1 2 4",NA,NA,2,2,1,1,NA,NA,0.227194018271292,2,1,NA,2,2,NA,NA,NA,NA,NA,NA,NA,NA,NA,NA,NA,NA,NA,NA,NA,NA,NA,NA,NA,NA,2,NA,2,0.309166843685607,2,NA,NA,NA,1,NA,1,NA,1,1,1,NA,1,1,0.169272818511575,"you know that you are the only who has observed the incident","ng omanyi nti gwe weka alabye ekintu ekiguddewo",1,NA,NA,NA,NA,1,NA,0.88504376975407,"Police","man","Woman","omusajja","omukazi",1,NA,NA,1,1,2,1,2,0.584349972000511,29,NA,"Mutooro",2,NA,1,NA,NA,0,NA,NA,NA,NA,NA,2,NA,3,NA,NA,NA,NA,NA,NA,NA,7,NA,NA,NA,NA,7,NA,NA,NA,NA,NA,NA,NA,1,2,NA,NA,NA,NA,NA,3,NA,1,NA,1,NA,"uuid:29de7645-d52d-4646-98db-50d7a66c763c",1705190627,"uuid:29de7645-d52d-4646-98db-50d7a66c763c",84
"28","May 19, 2017 8:29:07 PM","May 19, 2017 11:24:18 AM","May 19, 2017 1:08:17 PM",7,NA,NA,NA,NA,1,NA,2,2,"May 19, 2017 11:29:00 AM",NA,NA,NA,"T40135031","T40135031",4,1,2,NA,53,1,NA,1,NA,"11",NA,4,2,NA,2,NA,"31 34",NA,NA,1,NA,3,"1",NA,4,5,"Matooke",5,6,5,0.329265027834134,2,NA,NA,NA,NA,NA,NA,NA,NA,NA,2,2,2,1,2,2,2,NA,NA,NA,NA,NA,NA,NA,NA,NA,NA,NA,NA,NA,NA,NA,NA,NA,NA,NA,NA,NA,NA,NA,NA,NA,NA,NA,NA,NA,NA,NA,NA,"1 2 9",NA,NA,2,1,2,1,NA,NA,0.801459332866931,NA,NA,NA,NA,NA,NA,NA,NA,NA,NA,NA,NA,NA,NA,NA,NA,NA,NA,2,1,NA,2,1,NA,NA,2,NA,2,0.449141115048016,NA,2,NA,NA,2,NA,NA,2,1,1,1,NA,2,1,0.884753325233214,"you see a group of people from your community standing nearby, discussing the incident","nolaba ekibinja ky abantu okuva mukitundu kyo nga bayimiridde okumpi, nga bogera ku kiguddewo",1,NA,NA,NA,NA,1,NA,0.848466520764732,"Police","man","Woman","omusajja","omukazi",2,NA,NA,2,2,2,2,2,0.191938482487932,24,NA,"Munyoro",3,NA,1,NA,NA,4,2,"3",NA,NA,NA,1,1,NA,NA,NA,NA,NA,NA,NA,NA,7,3,NA,NA,NA,7,NA,NA,NA,NA,NA,NA,NA,1,2,NA,NA,NA,NA,NA,3,NA,1,NA,3,NA,"uuid:d669fac8-4a91-4816-9ac8-611a97d86c32",1705190627,"uuid:d669fac8-4a91-4816-9ac8-611a97d86c32",84
"29","May 19, 2017 8:29:12 PM","May 19, 2017 10:38:24 AM","May 19, 2017 12:09:34 PM",21,NA,NA,NA,NA,1,NA,2,1,"May 19, 2017 10:45:00 AM",NA,NA,NA,"t40135041","t40135041",4,2,1,NA,54,2,NA,1,NA,"7",NA,6,2,NA,2,NA,"29",NA,NA,1,NA,4,"5 4",NA,4,3,"Matooke",5,2,1,0.115164853086386,1,NA,2,1,2,1,2,2,2,NA,NA,NA,NA,NA,NA,NA,NA,NA,NA,NA,NA,NA,NA,NA,NA,NA,NA,NA,NA,NA,NA,NA,NA,NA,NA,NA,NA,NA,NA,NA,NA,NA,NA,NA,NA,NA,NA,NA,NA,"1 2 7",NA,NA,2,1,1,1,NA,NA,0.712249447148821,NA,NA,NA,NA,NA,NA,NA,NA,NA,NA,NA,NA,2,1,NA,2,1,NA,NA,NA,NA,NA,NA,NA,NA,2,NA,2,0.946652022530115,NA,NA,2,NA,2,1,NA,NA,1,1,2,NA,1,2,0.130757578563294,"you know that you are the only who has observed the incident","ng omanyi nti gwe weka alabye ekintu ekiguddewo",1,NA,NA,NA,NA,2,NA,0.211301050382553,"LC1","woman","Man","omukazi","omusajja",1,NA,NA,2,2,1,1,1,0.536838173098372,21,NA,"Munyankole",9,NA,3,NA,NA,2,1,"3",NA,NA,NA,NA,NA,NA,NA,2,NA,NA,NA,NA,2,7,3,NA,NA,NA,7,NA,NA,NA,NA,NA,NA,NA,1,2,NA,NA,NA,NA,NA,3,NA,1,NA,1,NA,"uuid:80643af5-9abd-4a0e-8a5f-99998db0e48a",1705190627,"uuid:80643af5-9abd-4a0e-8a5f-99998db0e48a",84
"30","May 19, 2017 8:29:21 PM","May 19, 2017 3:27:09 PM","May 19, 2017 5:14:05 PM",21,NA,NA,NA,NA,1,NA,2,1,"May 19, 2017 3:37:00 PM",NA,NA,NA,"t40135021","t40135021",4,2,1,NA,51,2,NA,1,NA,"7",NA,3,2,NA,2,NA,"1 34",NA,NA,1,NA,1,"7 10",NA,7,3,"Bumonde obuzungu",5,6,5,0.196221027629273,2,NA,NA,NA,NA,NA,NA,NA,NA,NA,1,2,2,2,2,2,2,NA,NA,NA,NA,NA,NA,NA,NA,NA,NA,NA,NA,NA,NA,NA,NA,NA,NA,NA,NA,NA,NA,NA,NA,NA,NA,NA,NA,NA,NA,NA,NA,"3 4 9",NA,NA,1,1,1,1,NA,NA,0.0679682750948825,2,1,NA,2,2,NA,NA,NA,NA,NA,NA,NA,NA,NA,NA,NA,NA,NA,NA,NA,NA,NA,NA,NA,NA,1,1,NA,0.513529367819757,NA,2,NA,NA,1,NA,NA,2,1,1,1,NA,1,1,0.0417156503871693,"you know that you are the only who has observed the incident","ng omanyi nti gwe weka alabye ekintu ekiguddewo",1,NA,NA,NA,NA,1,NA,0.359918340351047,"Nabakyala","woman","Man","omukazi","omusajja",1,NA,NA,1,1,1,1,1,0.263298024110498,29,NA,"Mutooro",17,"Faith of unit (bisaka itambiro)",1,NA,NA,0,NA,NA,NA,NA,NA,NA,NA,NA,NA,2,NA,NA,NA,NA,1,8,4,NA,NA,NA,NA,NA,NA,NA,NA,NA,NA,NA,3,2,NA,NA,NA,NA,NA,3,NA,1,NA,1,NA,"uuid:f9821583-e0ef-41c7-a7e2-91f35af43a8d",1705190627,"uuid:f9821583-e0ef-41c7-a7e2-91f35af43a8d",84
"31","May 19, 2017 8:29:20 PM","May 19, 2017 1:19:28 PM","May 19, 2017 2:18:01 PM",7,NA,NA,NA,NA,1,NA,1,1,"May 19, 2017 1:25:00 PM",40135461,40135461,"Mubende",NA,NA,NA,1,1,26,NA,NA,NA,2,NA,"11",NA,NA,NA,NA,NA,NA,NA,NA,NA,13,NA,3,"5 10",NA,4,5,"Matooke",5,3,5,0.506220603191782,4,NA,NA,NA,NA,NA,NA,NA,NA,NA,NA,NA,NA,NA,NA,NA,NA,NA,NA,NA,NA,NA,NA,NA,NA,NA,2,2,2,2,2,2,2,NA,NA,NA,NA,NA,NA,NA,NA,NA,NA,NA,NA,NA,NA,NA,NA,"1 7 9",NA,NA,1,1,2,1,NA,NA,0.892868602972491,NA,NA,NA,NA,NA,NA,NA,NA,NA,NA,NA,NA,NA,NA,NA,NA,NA,NA,1,1,NA,1,1,NA,NA,1,1,NA,0.136471502929871,1,NA,NA,NA,1,NA,1,NA,1,1,1,NA,1,2,0.360312652132191,"you know that you are the only who has observed the incident","ng omanyi nti gwe weka alabye ekintu ekiguddewo",1,NA,NA,NA,NA,2,NA,0.0698086496755675,"LC1","man","Woman","omusajja","omukazi",1,NA,NA,1,1,1,2,1,0.950713523381935,21,NA,"Munyankole",NA,NA,NA,NA,NA,0,NA,NA,NA,NA,NA,2,NA,1,NA,NA,NA,NA,NA,NA,NA,NA,NA,NA,NA,NA,NA,NA,NA,NA,NA,NA,1,3,1,2,NA,NA,NA,NA,NA,3,NA,1,NA,3,NA,"uuid:255a8f0a-780f-4034-b3a0-c3c56aae6c5c",1705190627,"uuid:255a8f0a-780f-4034-b3a0-c3c56aae6c5c",84
"32","May 19, 2017 8:29:25 PM","May 19, 2017 3:01:42 PM","May 19, 2017 4:12:55 PM",2,NA,NA,NA,NA,1,NA,1,1,"May 19, 2017 3:08:00 PM",40135111,40135111,"Mubende",NA,NA,NA,1,1,30,NA,NA,NA,1,NA,"11",NA,NA,NA,NA,NA,NA,NA,NA,NA,1,NA,1,"4",NA,4,3,"Irish potato",4,6,3,0.294424510145787,2,NA,NA,NA,NA,NA,NA,NA,NA,NA,2,2,2,2,2,2,2,NA,NA,NA,NA,NA,NA,NA,NA,NA,NA,NA,NA,NA,NA,NA,NA,NA,NA,NA,NA,NA,NA,NA,NA,NA,NA,NA,NA,NA,NA,NA,NA,"2 4 9",NA,NA,1,2,1,1,NA,NA,0.680715941216643,NA,NA,NA,NA,NA,NA,NA,NA,NA,NA,NA,NA,2,1,NA,2,2,NA,NA,NA,NA,NA,NA,NA,NA,2,NA,1,0.27165792067517,2,NA,NA,NA,1,NA,1,NA,2,1,1,NA,1,2,0.508246801990328,"you see a group of people from your community standing nearby, discussing the incident","nolaba ekibinja ky abantu okuva mukitundu kyo nga bayimiridde okumpi, nga bogera ku kiguddewo",1,NA,NA,NA,NA,1,NA,0.758722035212794,"Police","man","Woman","omusajja","omukazi",1,NA,NA,1,1,2,1,2,0.183475361926296,24,NA,"Munyoro",NA,NA,NA,NA,NA,4,2,"2",NA,NA,NA,2,NA,1,NA,NA,NA,NA,NA,NA,NA,NA,NA,NA,NA,NA,NA,NA,NA,NA,1,"He says it was a female thats all he knows",1,3,1,2,NA,NA,NA,NA,NA,3,NA,1,NA,2,"I did the survy in the names of dedi because i was asked to do so by the manger","uuid:fac3872a-3d40-4d1a-a2ab-ab84d009d533",1705190627,"uuid:fac3872a-3d40-4d1a-a2ab-ab84d009d533",84
"33","May 19, 2017 8:34:17 PM","May 19, 2017 11:11:43 AM","May 19, 2017 12:22:53 PM",3,NA,NA,NA,NA,1,NA,2,2,"May 19, 2017 11:12:00 AM",NA,NA,NA,"t41610071","t41610071",4,1,2,NA,44,1,NA,1,NA,"7",NA,4,2,NA,27,NA,"2 30",NA,NA,1,NA,3,"3 4 10",NA,5,3,"Matooke and beef",5,3,4,0.741515449292211,5,NA,NA,NA,NA,NA,NA,NA,NA,NA,NA,NA,NA,NA,NA,NA,NA,NA,NA,NA,NA,NA,NA,NA,NA,NA,NA,NA,NA,NA,NA,NA,NA,NA,1,1,2,2,1,1,1,NA,NA,NA,NA,NA,NA,NA,NA,"3 5 9",NA,NA,1,1,1,1,NA,NA,0.647196521287753,NA,NA,NA,NA,NA,NA,NA,NA,NA,NA,NA,NA,2,1,NA,2,2,NA,NA,NA,NA,NA,NA,NA,NA,1,1,NA,0.319283288427695,1,NA,NA,NA,1,NA,1,NA,2,1,1,NA,1,1,0.803768178789181,"you see a group of people from your community standing nearby, discussing the incident","nolaba ekibinja ky abantu okuva mukitundu kyo nga bayimiridde okumpi, nga bogera ku kiguddewo",1,NA,NA,NA,NA,1,NA,0.207276280565944,"LC1","man","Woman","omusajja","omukazi",1,NA,NA,1,1,2,1,2,0.0810889628538196,18,NA,"Mukiga",3,NA,0,NA,NA,2,0,NA,NA,NA,NA,1,1,NA,NA,NA,NA,NA,NA,NA,NA,8,4,NA,NA,NA,NA,NA,NA,NA,NA,NA,NA,NA,1,2,NA,NA,NA,NA,NA,3,NA,1,NA,3,"No","uuid:ccba54ca-c7d5-4e14-8b47-8746a6df43e3",1705190627,"uuid:ccba54ca-c7d5-4e14-8b47-8746a6df43e3",94
"34","May 19, 2017 8:34:20 PM","May 19, 2017 1:35:46 PM","May 19, 2017 2:47:28 PM",3,NA,NA,NA,NA,1,NA,1,1,"May 19, 2017 1:50:00 PM",41610621,41610621,"Mubende",NA,NA,NA,1,1,30,NA,NA,NA,1,NA,"2",NA,NA,NA,NA,NA,NA,NA,NA,NA,1,NA,3,"5 1 7 10",NA,2,5,"Muwogo",5,2,5,0.845488347427419,6,NA,NA,NA,NA,NA,NA,NA,NA,NA,NA,NA,NA,NA,NA,NA,NA,NA,NA,NA,NA,NA,NA,NA,NA,NA,NA,NA,NA,NA,NA,NA,NA,NA,NA,NA,NA,NA,NA,NA,NA,NA,2,2,1,2,1,1,1,"1 3 4",NA,NA,2,1,2,1,NA,NA,0.911309195132955,NA,NA,NA,NA,NA,NA,NA,NA,NA,NA,NA,NA,NA,NA,NA,NA,NA,NA,1,2,NA,1,2,NA,NA,2,NA,2,0.494582102479953,NA,2,NA,NA,1,NA,NA,1,1,1,2,NA,1,1,0.348889306707619,"you know that you are the only who has observed the incident","ng omanyi nti gwe weka alabye ekintu ekiguddewo",1,NA,NA,NA,NA,1,NA,0.923036080904701,"Police","man","Woman","omusajja","omukazi",1,NA,NA,2,2,2,1,2,0.297496972536918,1,NA,"Muganda",NA,NA,NA,NA,NA,0,NA,NA,NA,NA,NA,1,1,NA,NA,NA,NA,NA,NA,NA,NA,NA,NA,NA,NA,NA,NA,NA,NA,NA,NA,NA,1,3,1,2,NA,NA,NA,NA,NA,4,NA,1,NA,3,"No","uuid:7af81ae5-2b1f-49a9-8d70-f6a72f8ad877",1705190627,"uuid:7af81ae5-2b1f-49a9-8d70-f6a72f8ad877",94
"35","May 19, 2017 8:35:10 PM","May 19, 2017 9:37:37 AM","May 19, 2017 10:53:01 AM",2,NA,NA,NA,NA,1,NA,1,1,"May 19, 2017 9:39:00 AM",41610011,41610011,"Mubende",NA,NA,NA,1,2,20,NA,NA,NA,2,NA,"11",NA,NA,NA,NA,NA,NA,NA,NA,NA,1,NA,1,"1 2 4 10",NA,3,4,"Posho and beans",5,3,5,0.883197138613639,6,NA,NA,NA,NA,NA,NA,NA,NA,NA,NA,NA,NA,NA,NA,NA,NA,NA,NA,NA,NA,NA,NA,NA,NA,NA,NA,NA,NA,NA,NA,NA,NA,NA,NA,NA,NA,NA,NA,NA,NA,NA,2,2,2,1,1,2,2,"1 2 3",NA,NA,1,2,1,1,NA,NA,0.544026391113422,NA,NA,NA,NA,NA,NA,NA,NA,NA,NA,NA,NA,2,1,NA,2,1,NA,NA,NA,NA,NA,NA,NA,NA,2,NA,1,0.524532411116538,NA,2,NA,NA,2,NA,NA,2,2,1,1,NA,1,1,0.48138383597007,"you know that you are the only who has observed the incident","ng omanyi nti gwe weka alabye ekintu ekiguddewo",1,NA,NA,NA,NA,1,NA,0.669309416450068,"Police","man","Woman","omusajja","omukazi",1,NA,NA,1,1,1,2,2,0.574784060087522,24,NA,"Munyoro",NA,NA,NA,NA,NA,2,1,"1 2 5",NA,"Lc1 commitee",NA,1,1,NA,NA,NA,NA,NA,NA,NA,NA,NA,NA,NA,NA,NA,NA,NA,NA,NA,1,"Owner of the kibanda",1,4,1,2,NA,NA,NA,NA,NA,2,NA,1,NA,2,NA,"uuid:8f786295-5bac-467c-a84f-851a51db4c93",1705190627,"uuid:8f786295-5bac-467c-a84f-851a51db4c93",94
"36","May 19, 2017 8:35:13 PM","May 19, 2017 11:13:21 AM","May 19, 2017 1:12:27 PM",2,NA,NA,NA,NA,1,NA,1,1,"May 19, 2017 11:13:00 AM",41610241,41610241,"Mubende",NA,NA,NA,1,1,31,NA,NA,NA,2,NA,"1 5",NA,NA,NA,NA,NA,NA,NA,NA,NA,1,NA,3,"1 2 3 4 7 10",NA,4,5,"Matooke ",5,4,5,0.1987502984506,2,NA,NA,NA,NA,NA,NA,NA,NA,NA,2,2,2,2,2,2,2,NA,NA,NA,NA,NA,NA,NA,NA,NA,NA,NA,NA,NA,NA,NA,NA,NA,NA,NA,NA,NA,NA,NA,NA,NA,NA,NA,NA,NA,NA,NA,NA,"2 3 9",NA,NA,2,1,2,1,NA,NA,0.468532592819665,NA,NA,NA,NA,NA,NA,2,2,NA,2,2,NA,NA,NA,NA,NA,NA,NA,NA,NA,NA,NA,NA,NA,NA,2,NA,2,0.918074393021974,NA,NA,2,NA,1,2,NA,NA,1,1,1,NA,2,2,0.162031423611955,"you know that you are the only who has observed the incident","ng omanyi nti gwe weka alabye ekintu ekiguddewo",1,NA,NA,NA,NA,1,NA,0.438518458621203,"Nabakyala","man","Woman","omusajja","omukazi",1,NA,NA,1,2,2,1,2,0.136770644204513,18,NA,"Mukiga",NA,NA,NA,NA,NA,20,10,"2 3",NA,NA,NA,1,1,NA,NA,NA,NA,NA,NA,NA,NA,NA,NA,NA,NA,NA,NA,NA,NA,NA,2,NA,1,3,1,2,NA,NA,NA,NA,NA,4,NA,1,NA,2,NA,"uuid:82d4b84c-755b-4f6b-9b22-f7f34f2d6939",1705190627,"uuid:82d4b84c-755b-4f6b-9b22-f7f34f2d6939",94
"37","May 19, 2017 8:35:16 PM","May 19, 2017 1:16:57 PM","May 19, 2017 2:14:01 PM",2,NA,NA,NA,NA,1,NA,1,1,"May 19, 2017 1:17:00 PM",41610431,41610431,"Mubende",NA,NA,NA,1,2,24,NA,NA,NA,7,NA,"11",NA,NA,NA,NA,NA,NA,NA,NA,NA,1,NA,3,"5 1 3 4 10",NA,2,5,"Rice",5,4,5,0.167180276842208,2,NA,NA,NA,NA,NA,NA,NA,NA,NA,2,2,2,2,2,2,2,NA,NA,NA,NA,NA,NA,NA,NA,NA,NA,NA,NA,NA,NA,NA,NA,NA,NA,NA,NA,NA,NA,NA,NA,NA,NA,NA,NA,NA,NA,NA,NA,"1 7 9",NA,NA,2,1,1,1,NA,NA,0.174772389761913,2,1,NA,1,2,NA,NA,NA,NA,NA,NA,NA,NA,NA,NA,NA,NA,NA,NA,NA,NA,NA,NA,NA,NA,2,NA,1,0.912988218831736,NA,NA,2,NA,1,1,NA,NA,2,1,1,NA,1,2,0.321342650965013,"you know that you are the only who has observed the incident","ng omanyi nti gwe weka alabye ekintu ekiguddewo",1,NA,NA,NA,NA,1,NA,0.250637125909167,"LC1","man","Woman","omusajja","omukazi",1,NA,NA,2,2,2,2,2,0.230989598372298,1,NA,"Muganda",NA,NA,NA,NA,NA,10,9,"4",NA,NA,NA,1,2,NA,NA,NA,NA,NA,NA,NA,NA,NA,NA,NA,NA,NA,NA,NA,NA,NA,2,NA,1,3,1,2,NA,NA,NA,NA,NA,3,NA,1,NA,2,NA,"uuid:58d28b92-9b83-4c1a-90f6-8dde2e6adcd8",1705190627,"uuid:58d28b92-9b83-4c1a-90f6-8dde2e6adcd8",94
"38","May 19, 2017 8:35:51 PM","May 19, 2017 9:40:04 AM","May 19, 2017 1:14:58 PM",18,NA,NA,NA,NA,1,NA,2,2,"May 19, 2017 9:40:00 AM",NA,NA,NA,"t41610041","t41610041",4,2,3,NA,37,1,NA,5,NA,"11",NA,5,2,NA,2,NA,"31",NA,NA,1,NA,2,"1 2 4 10",NA,4,5,"Matooke",1,6,5,0.0137943654132027,1,NA,2,2,2,2,2,1,1,NA,NA,NA,NA,NA,NA,NA,NA,NA,NA,NA,NA,NA,NA,NA,NA,NA,NA,NA,NA,NA,NA,NA,NA,NA,NA,NA,NA,NA,NA,NA,NA,NA,NA,NA,NA,NA,NA,NA,NA,"1 3 7",NA,NA,1,2,1,1,NA,NA,0.0845236397470162,2,1,NA,1,2,NA,NA,NA,NA,NA,NA,NA,NA,NA,NA,NA,NA,NA,NA,NA,NA,NA,NA,NA,NA,2,NA,2,0.647007072895559,NA,2,NA,NA,1,NA,NA,2,2,1,1,NA,1,2,0.343628708749809,"you know that you are the only who has observed the incident","ng omanyi nti gwe weka alabye ekintu ekiguddewo",1,NA,NA,NA,NA,1,NA,0.592832759255561,"Nabakyala","woman","Man","omukazi","omusajja",1,NA,NA,1,1,1,2,1,0.511560677432119,24,NA,"Munyoro",11,NA,1,NA,NA,0,NA,NA,NA,NA,NA,NA,NA,NA,NA,2,NA,NA,NA,NA,1,7,3,NA,NA,NA,7,NA,NA,NA,NA,NA,NA,NA,2,2,NA,NA,NA,NA,NA,4,NA,1,NA,1,NA,"uuid:eb7aaf4c-aacf-40d5-89a1-8ad1830122ef",1705190627,"uuid:eb7aaf4c-aacf-40d5-89a1-8ad1830122ef",94
"39","May 19, 2017 8:35:55 PM","May 19, 2017 12:02:13 PM","May 19, 2017 1:19:00 PM",18,NA,NA,NA,NA,1,NA,1,1,"May 19, 2017 12:02:00 PM",41610141,41610141,"Mubende",NA,NA,NA,2,1,28,NA,NA,NA,2,NA,"11",NA,NA,NA,NA,NA,NA,NA,NA,NA,7,NA,3,"4",NA,4,5,"Matooke",5,4,5,0.868770530914867,6,NA,NA,NA,NA,NA,NA,NA,NA,NA,NA,NA,NA,NA,NA,NA,NA,NA,NA,NA,NA,NA,NA,NA,NA,NA,NA,NA,NA,NA,NA,NA,NA,NA,NA,NA,NA,NA,NA,NA,NA,NA,2,2,2,2,2,1,1,"4 7 9",NA,NA,2,1,2,1,NA,NA,0.247752437615304,2,2,NA,2,2,NA,NA,NA,NA,NA,NA,NA,NA,NA,NA,NA,NA,NA,NA,NA,NA,NA,NA,NA,NA,2,NA,2,0.0448443999942558,2,NA,NA,NA,1,NA,1,NA,1,1,1,NA,1,2,0.636147346552118,"you see a group of people from your community standing nearby, discussing the incident","nolaba ekibinja ky abantu okuva mukitundu kyo nga bayimiridde okumpi, nga bogera ku kiguddewo",1,NA,NA,NA,NA,1,NA,0.984594144645814,"Police","woman","Man","omukazi","omusajja",1,NA,NA,1,1,1,2,2,0.193086051755445,21,NA,"Munyankole",NA,NA,NA,NA,NA,0,NA,NA,NA,NA,NA,NA,NA,NA,NA,2,NA,NA,NA,NA,1,NA,NA,NA,NA,NA,NA,NA,NA,NA,NA,NA,2,2,3,2,NA,NA,NA,NA,NA,4,NA,1,NA,2,NA,"uuid:065a9011-78a3-4efa-805a-d005f6c906c1",1705190627,"uuid:065a9011-78a3-4efa-805a-d005f6c906c1",94
"40","May 19, 2017 8:36:24 PM","May 19, 2017 9:27:09 AM","May 19, 2017 10:47:26 AM",15,NA,NA,NA,NA,1,NA,1,1,"May 19, 2017 9:33:00 AM",41601281,41601281,"Mubende",NA,NA,NA,2,2,36,NA,NA,NA,2,NA,"11",NA,NA,NA,NA,NA,NA,NA,NA,NA,1,NA,1,"1 4 7",NA,3,4,"Posho",1,1,1,0.532099066713521,4,NA,NA,NA,NA,NA,NA,NA,NA,NA,NA,NA,NA,NA,NA,NA,NA,NA,NA,NA,NA,NA,NA,NA,NA,NA,2,2,2,2,2,2,2,NA,NA,NA,NA,NA,NA,NA,NA,NA,NA,NA,NA,NA,NA,NA,NA,"1 2 9",NA,NA,2,1,1,1,NA,NA,0.996043707161763,NA,NA,NA,NA,NA,NA,NA,NA,NA,NA,NA,NA,NA,NA,NA,NA,NA,NA,2,1,NA,2,1,NA,NA,2,NA,1,0.696416879703334,NA,NA,2,NA,2,2,NA,NA,1,1,1,NA,1,2,0.534870382185922,"you see a group of people from your community standing nearby, discussing the incident","nolaba ekibinja ky abantu okuva mukitundu kyo nga bayimiridde okumpi, nga bogera ku kiguddewo",1,NA,NA,NA,NA,2,NA,0.571628971701174,"Nabakyala","woman","Man","omukazi","omusajja",1,NA,NA,1,1,2,1,1,0.651810764517357,14,NA,"Mufumbira",NA,NA,NA,NA,NA,2,0,NA,NA,NA,NA,NA,NA,NA,NA,2,NA,NA,NA,NA,1,NA,NA,NA,NA,NA,NA,NA,NA,NA,NA,NA,1,3,1,2,NA,NA,NA,NA,NA,3,NA,1,NA,2,"Respond nolonger owns a phone","uuid:274fc485-b0dd-4dba-a922-d34b8b37c034",1705190627,"uuid:274fc485-b0dd-4dba-a922-d34b8b37c034",93
"41","May 19, 2017 8:36:31 PM","May 19, 2017 11:36:10 AM","May 19, 2017 1:01:11 PM",15,NA,NA,NA,NA,1,NA,1,1,"May 19, 2017 11:41:00 AM",41601491,41601491,"Mubende",NA,NA,NA,2,3,23,NA,NA,NA,2,NA,"8",NA,NA,NA,NA,NA,NA,NA,NA,NA,1,NA,3,"1 3 10",NA,3,4,"Matooke",5,1,3,0.537716356130249,4,NA,NA,NA,NA,NA,NA,NA,NA,NA,NA,NA,NA,NA,NA,NA,NA,NA,NA,NA,NA,NA,NA,NA,NA,NA,2,2,2,1,2,2,2,NA,NA,NA,NA,NA,NA,NA,NA,NA,NA,NA,NA,NA,NA,NA,NA,"3 4 9",NA,NA,1,1,1,2,NA,NA,0.998529538885538,NA,NA,NA,NA,NA,NA,NA,NA,NA,NA,NA,NA,NA,NA,NA,NA,NA,NA,1,1,NA,2,1,NA,NA,1,1,NA,0.822264851739756,NA,NA,2,NA,1,1,NA,NA,2,1,1,NA,1,1,0.81668086038844,"you see a group of people from your community standing nearby, discussing the incident","nolaba ekibinja ky abantu okuva mukitundu kyo nga bayimiridde okumpi, nga bogera ku kiguddewo",1,NA,NA,NA,NA,2,NA,0.847046522895663,"Police","woman","Man","omukazi","omusajja",1,NA,NA,1,1,1,2,2,0.205605814499191,14,NA,"Mufumbira",NA,NA,NA,NA,NA,1,0,NA,NA,NA,NA,NA,NA,NA,NA,1,2,2,NA,1,1,NA,NA,NA,NA,NA,NA,NA,NA,NA,NA,NA,1,3,1,2,NA,NA,NA,NA,NA,3,NA,1,NA,2,NA,"uuid:1ec9d90f-49e3-4430-9077-541a52193d7a",1705190627,"uuid:1ec9d90f-49e3-4430-9077-541a52193d7a",93
"42","May 19, 2017 8:36:43 PM","May 19, 2017 3:31:27 PM","May 19, 2017 4:34:55 PM",15,NA,NA,NA,NA,1,NA,2,2,"May 19, 2017 3:33:00 PM",NA,NA,NA,"T41601071","T41601071",4,2,2,NA,42,2,NA,2,NA,"11",NA,18,NA,4,31,NA,"2 26",NA,NA,1,NA,1,"5 1 2 10",NA,5,3,"Matooke",1,6,4,0.88294753080859,6,NA,NA,NA,NA,NA,NA,NA,NA,NA,NA,NA,NA,NA,NA,NA,NA,NA,NA,NA,NA,NA,NA,NA,NA,NA,NA,NA,NA,NA,NA,NA,NA,NA,NA,NA,NA,NA,NA,NA,NA,NA,2,2,2,2,2,1,1,"1 3 7",NA,NA,2,1,1,1,NA,NA,0.796850833509342,NA,NA,NA,NA,NA,NA,NA,NA,NA,NA,NA,NA,NA,NA,NA,NA,NA,NA,2,1,NA,2,1,NA,NA,2,NA,2,0.0739867554951411,1,NA,NA,NA,2,NA,1,NA,2,1,1,NA,1,2,0.30045947614169,"you know that you are the only who has observed the incident","ng omanyi nti gwe weka alabye ekintu ekiguddewo",1,NA,NA,NA,NA,2,NA,0.16907616603446,"LC1","woman","Man","omukazi","omusajja",1,NA,NA,1,1,1,1,1,0.0679488398479736,14,NA,"Mufumbira",3,NA,2,NA,NA,0,NA,NA,NA,NA,NA,NA,NA,NA,NA,2,NA,NA,NA,NA,2,8,4,NA,NA,NA,NA,NA,NA,NA,NA,NA,NA,NA,1,2,NA,NA,NA,NA,NA,3,NA,1,NA,2,NA,"uuid:d7543fbd-0943-427d-9728-86ad238a5942",1705190627,"uuid:d7543fbd-0943-427d-9728-86ad238a5942",93
"43","May 19, 2017 8:36:46 PM","May 19, 2017 9:35:05 AM","May 19, 2017 10:30:39 AM",12,NA,NA,NA,NA,1,NA,2,2,"May 19, 2017 9:41:00 AM",NA,NA,NA,"t41601051","t41601051",4,1,3,NA,35,1,NA,1,NA,"4",NA,4,2,NA,26,NA,"2 27",NA,NA,13,NA,1,"1 10",NA,4,3,"Kawunga ne muwogo",5,6,5,0.0165624646591217,1,NA,2,2,2,2,2,2,1,NA,NA,NA,NA,NA,NA,NA,NA,NA,NA,NA,NA,NA,NA,NA,NA,NA,NA,NA,NA,NA,NA,NA,NA,NA,NA,NA,NA,NA,NA,NA,NA,NA,NA,NA,NA,NA,NA,NA,NA,"3 4 7",NA,NA,1,2,1,1,NA,NA,0.289238201944708,NA,NA,NA,NA,NA,NA,2,1,NA,1,1,NA,NA,NA,NA,NA,NA,NA,NA,NA,NA,NA,NA,NA,NA,1,1,NA,0.735417447526376,NA,NA,1,NA,2,1,NA,NA,2,2,1,NA,2,1,0.917497065032633,"you see a group of people from your community standing nearby, discussing the incident","nolaba ekibinja ky abantu okuva mukitundu kyo nga bayimiridde okumpi, nga bogera ku kiguddewo",1,NA,NA,NA,NA,2,NA,0.255068738256058,"LC1","man","Woman","omusajja","omukazi",1,NA,NA,1,1,2,1,2,0.149287001004709,18,NA,"Mukiga",3,NA,1,NA,NA,1,1,"2",NA,NA,NA,1,1,NA,NA,NA,NA,NA,NA,NA,NA,8,1,NA,NA,NA,6,NA,"Illuminati things",NA,NA,NA,NA,NA,1,2,NA,NA,NA,NA,NA,4,NA,1,NA,4,NA,"uuid:e9c18b91-0081-461a-b0f3-677d005f1cad",1705190627,"uuid:e9c18b91-0081-461a-b0f3-677d005f1cad",93
"44","May 19, 2017 8:36:52 PM","May 19, 2017 11:29:01 AM","May 19, 2017 12:26:12 PM",12,NA,NA,NA,NA,1,NA,1,1,"May 19, 2017 11:35:00 AM",41601011,41601011,"Mubende",NA,NA,NA,1,2,21,NA,NA,NA,1,NA,"8",NA,NA,NA,NA,NA,NA,NA,NA,NA,1,NA,3,"1 7 10",NA,4,3,"Muwogo na kawunga",5,3,5,0.442178963954941,3,NA,NA,NA,NA,NA,NA,NA,NA,NA,NA,NA,NA,NA,NA,NA,NA,NA,2,2,2,2,2,1,2,NA,NA,NA,NA,NA,NA,NA,NA,NA,NA,NA,NA,NA,NA,NA,NA,NA,NA,NA,NA,NA,NA,NA,NA,"1 3 5",NA,NA,1,1,1,1,NA,NA,0.546337887894396,NA,NA,NA,NA,NA,NA,NA,NA,NA,NA,NA,NA,2,1,NA,1,2,NA,NA,NA,NA,NA,NA,NA,NA,1,1,NA,0.773053312008844,NA,NA,2,NA,1,2,NA,NA,1,1,1,NA,2,2,0.0158316638852507,"you know that you are the only who has observed the incident","ng omanyi nti gwe weka alabye ekintu ekiguddewo",1,NA,NA,NA,NA,1,NA,0.854676532832034,"Police","man","Woman","omusajja","omukazi",1,NA,NA,1,1,2,1,1,0.111833594324085,24,NA,"Munyoro",NA,NA,NA,NA,NA,4,0,NA,NA,NA,NA,2,NA,3,NA,NA,NA,NA,NA,NA,NA,NA,NA,NA,NA,NA,NA,NA,NA,NA,NA,NA,1,3,1,2,NA,NA,NA,NA,NA,6,NA,1,NA,4,"Survey not conducted from house of respondent","uuid:4a0a96aa-83d7-4db8-8568-11a355f3e9bb",1705190627,"uuid:4a0a96aa-83d7-4db8-8568-11a355f3e9bb",93
"45","May 19, 2017 8:36:56 PM","May 19, 2017 12:43:52 PM","May 19, 2017 1:55:32 PM",12,NA,NA,NA,NA,1,NA,1,1,"May 19, 2017 12:45:00 PM",41601431,41601431,"Mubende",NA,NA,NA,1,1,35,NA,NA,NA,1,NA,"11",NA,NA,NA,NA,NA,NA,NA,NA,NA,1,NA,1,"7 10",NA,4,3,"Posho and rice",5,2,5,0.0898061788028744,1,NA,1,2,2,1,2,1,1,NA,NA,NA,NA,NA,NA,NA,NA,NA,NA,NA,NA,NA,NA,NA,NA,NA,NA,NA,NA,NA,NA,NA,NA,NA,NA,NA,NA,NA,NA,NA,NA,NA,NA,NA,NA,NA,NA,NA,NA,"1 2 4",NA,NA,1,2,1,1,NA,NA,0.108574982943888,2,1,NA,1,2,NA,NA,NA,NA,NA,NA,NA,NA,NA,NA,NA,NA,NA,NA,NA,NA,NA,NA,NA,NA,2,NA,2,0.91919008468729,NA,NA,2,NA,1,2,NA,NA,1,1,1,NA,1,1,0.402991254182323,"you know that you are the only who has observed the incident","ng omanyi nti gwe weka alabye ekintu ekiguddewo",1,NA,NA,NA,NA,2,NA,0.524729888056202,"Nabakyala","man","Woman","omusajja","omukazi",1,NA,NA,2,2,2,2,2,0.067187620725312,14,NA,"Mufumbira",NA,NA,NA,NA,NA,3,0,NA,NA,NA,NA,2,NA,3,NA,NA,NA,NA,NA,NA,NA,NA,NA,NA,NA,NA,NA,NA,NA,NA,NA,NA,1,3,1,2,NA,NA,NA,NA,NA,4,NA,1,NA,3,NA,"uuid:5db5689a-bb01-4fb6-8250-f30489a54a66",1705190627,"uuid:5db5689a-bb01-4fb6-8250-f30489a54a66",93
"46","May 19, 2017 8:37:28 PM","May 19, 2017 9:52:08 AM","May 19, 2017 11:25:22 AM",26,NA,NA,NA,NA,1,NA,1,1,"May 19, 2017 9:57:00 AM",41601401,41601401,"Mubende",NA,NA,NA,2,1,19,NA,NA,NA,1,NA,"8",NA,NA,NA,NA,NA,NA,NA,NA,NA,1,NA,3,"1 2 3 4 7 10",NA,4,5,"Matooke",5,6,4,0.238421644515624,2,NA,NA,NA,NA,NA,NA,NA,NA,NA,1,1,2,2,1,1,2,NA,NA,NA,NA,NA,NA,NA,NA,NA,NA,NA,NA,NA,NA,NA,NA,NA,NA,NA,NA,NA,NA,NA,NA,NA,NA,NA,NA,NA,NA,NA,NA,"3 4 9",NA,NA,1,2,1,1,NA,NA,0.471999718432209,NA,NA,NA,NA,NA,NA,2,1,NA,2,2,NA,NA,NA,NA,NA,NA,NA,NA,NA,NA,NA,NA,NA,NA,1,1,NA,0.493085485803572,NA,2,NA,NA,1,NA,NA,2,1,1,2,NA,1,1,0.154333429290715,"you know that you are the only who has observed the incident","ng omanyi nti gwe weka alabye ekintu ekiguddewo",1,NA,NA,NA,NA,1,NA,0.85175111543651,"Police","woman","Man","omukazi","omusajja",2,NA,NA,2,2,2,2,2,0.229346967906315,14,NA,"Mufumbira",NA,NA,NA,NA,NA,2,1,"4",NA,NA,NA,NA,NA,NA,NA,1,2,1,2,NA,2,NA,NA,NA,NA,NA,NA,NA,NA,NA,NA,NA,1,2,2,2,NA,NA,NA,NA,NA,4,NA,1,NA,1,"Respondent was asking for a pardon on almost every question.","uuid:6a76eb9f-f630-4dfc-9230-24baf63d3e09",1705190627,"uuid:6a76eb9f-f630-4dfc-9230-24baf63d3e09",93
"47","May 19, 2017 8:37:31 PM","May 19, 2017 1:07:49 PM","May 19, 2017 2:27:49 PM",26,NA,NA,NA,NA,1,NA,2,1,"May 19, 2017 1:08:00 PM",NA,NA,NA,"t41601021","t41601021",4,2,2,NA,35,2,NA,1,NA,"11",NA,18,NA,4,26,NA,"2 27",NA,NA,1,NA,3,"8",NA,3,3,"Irish potatoes",5,6,1,0.0698979843063724,1,NA,2,2,2,2,2,2,2,NA,NA,NA,NA,NA,NA,NA,NA,NA,NA,NA,NA,NA,NA,NA,NA,NA,NA,NA,NA,NA,NA,NA,NA,NA,NA,NA,NA,NA,NA,NA,NA,NA,NA,NA,NA,NA,NA,NA,NA,"3 4 9",NA,NA,2,2,1,1,NA,NA,0.362273505660843,NA,NA,NA,NA,NA,NA,2,1,NA,1,1,NA,NA,NA,NA,NA,NA,NA,NA,NA,NA,NA,NA,NA,NA,2,NA,2,0.581121402842342,NA,2,NA,NA,2,NA,NA,2,2,2,1,NA,1,2,0.695065388593671,"you see a group of people from your community standing nearby, discussing the incident","nolaba ekibinja ky abantu okuva mukitundu kyo nga bayimiridde okumpi, nga bogera ku kiguddewo",2,NA,"That can be rumor its better to talk to the husband there and then.",NA,NA,2,NA,0.495929702948451,"Nabakyala","woman","Man","omukazi","omusajja",2,NA,NA,1,1,1,2,2,0.0787507633368567,14,NA,"Mufumbira",2,NA,2,NA,NA,2,0,NA,NA,NA,NA,NA,NA,NA,NA,2,NA,NA,NA,NA,1,5,1,5,NA,NA,NA,NA,NA,NA,NA,NA,NA,NA,1,2,NA,NA,NA,NA,NA,6,NA,1,NA,2,"Survey went well.","uuid:9e8b788f-7870-4e4a-a089-1ad0b1dc7bd1",1705190627,"uuid:9e8b788f-7870-4e4a-a089-1ad0b1dc7bd1",93
"48","May 19, 2017 8:37:32 PM","May 19, 2017 3:49:52 PM","May 19, 2017 4:50:43 PM",26,NA,NA,NA,NA,1,NA,1,1,"May 19, 2017 3:53:00 PM",41601051,41601051,"Mubende",NA,NA,NA,2,1,35,NA,NA,NA,1,NA,"11",NA,NA,NA,NA,NA,NA,NA,NA,NA,1,NA,1,"5 1 3 4 7 10",NA,4,5,"Cassava",5,2,1,0.00328917233668891,1,NA,2,1,2,2,2,2,2,NA,NA,NA,NA,NA,NA,NA,NA,NA,NA,NA,NA,NA,NA,NA,NA,NA,NA,NA,NA,NA,NA,NA,NA,NA,NA,NA,NA,NA,NA,NA,NA,NA,NA,NA,NA,NA,NA,NA,NA,"3 4 7",NA,NA,2,2,1,1,NA,NA,0.991016872893275,NA,NA,NA,NA,NA,NA,NA,NA,NA,NA,NA,NA,NA,NA,NA,NA,NA,NA,1,1,NA,1,1,NA,NA,2,NA,2,0.318043380772407,2,NA,NA,NA,2,NA,2,NA,1,1,1,NA,2,1,0.510093001212883,"you see a group of people from your community standing nearby, discussing the incident","nolaba ekibinja ky abantu okuva mukitundu kyo nga bayimiridde okumpi, nga bogera ku kiguddewo",1,NA,NA,NA,NA,2,NA,0.49687235048232,"Nabakyala","woman","Man","omukazi","omusajja",1,NA,NA,1,1,1,1,1,0.423900050541453,14,NA,"Mufumbira",NA,NA,NA,NA,NA,2,0,NA,NA,NA,NA,NA,NA,NA,NA,2,NA,NA,NA,NA,1,NA,NA,NA,NA,NA,NA,NA,NA,NA,NA,NA,1,3,1,2,NA,NA,NA,NA,NA,4,NA,1,NA,2,"Survey went well as the respondent was cooperative.","uuid:0156b475-d938-4784-9688-2f79eff8517d",1705190627,"uuid:0156b475-d938-4784-9688-2f79eff8517d",93
"49","May 19, 2017 8:38:40 PM","May 19, 2017 9:47:08 AM","May 19, 2017 11:10:37 AM",24,NA,NA,NA,NA,1,NA,1,1,"May 19, 2017 9:51:00 AM",41601221,41601221,"Mubende",NA,NA,NA,2,3,33,NA,NA,NA,2,NA,"2",NA,NA,NA,NA,NA,NA,NA,NA,NA,1,NA,3,"1 3 4 7 10",NA,4,5,"Matooke",5,6,5,0.704470986500724,5,NA,NA,NA,NA,NA,NA,NA,NA,NA,NA,NA,NA,NA,NA,NA,NA,NA,NA,NA,NA,NA,NA,NA,NA,NA,NA,NA,NA,NA,NA,NA,NA,NA,2,1,2,2,1,2,1,NA,NA,NA,NA,NA,NA,NA,NA,"2 4 9",NA,NA,2,1,2,1,NA,NA,0.653894742227347,NA,NA,NA,NA,NA,NA,NA,NA,NA,NA,NA,NA,1,2,NA,1,2,NA,NA,NA,NA,NA,NA,NA,NA,2,NA,1,0.954793793196422,NA,NA,2,NA,1,2,NA,NA,1,1,2,NA,1,2,0.601868289910751,"you see a group of people from your community standing nearby, discussing the incident","nolaba ekibinja ky abantu okuva mukitundu kyo nga bayimiridde okumpi, nga bogera ku kiguddewo",1,NA,NA,NA,NA,2,NA,0.899371704865625,"Police","woman","Man","omukazi","omusajja",2,NA,NA,2,2,2,1,1,0.829034246882515,14,NA,"Mufumbira",NA,NA,NA,NA,NA,4,4,"4",NA,NA,NA,NA,NA,NA,NA,1,4,1,2,NA,2,NA,NA,NA,NA,NA,NA,NA,NA,NA,1,"She doesn't know",1,4,1,2,NA,NA,NA,NA,NA,6,NA,1,NA,2,NA,"uuid:2225ba69-b099-4cf2-95ba-3f05f99409e8",1705190627,"uuid:2225ba69-b099-4cf2-95ba-3f05f99409e8",93
"50","May 19, 2017 8:38:43 PM","May 19, 2017 11:41:50 AM","May 19, 2017 1:17:53 PM",27,NA,NA,NA,NA,1,NA,1,1,"May 19, 2017 11:50:00 AM",41601451,41601451,"Mubende",NA,NA,NA,2,2,32,NA,NA,NA,1,NA,"11",NA,NA,NA,NA,NA,NA,NA,NA,NA,1,NA,3,"5 1 2 3 4 10",NA,5,4,"Matooke",5,1,3,0.480716532004646,3,NA,NA,NA,NA,NA,NA,NA,NA,NA,NA,NA,NA,NA,NA,NA,NA,NA,1,2,2,1,2,1,1,NA,NA,NA,NA,NA,NA,NA,NA,NA,NA,NA,NA,NA,NA,NA,NA,NA,NA,NA,NA,NA,NA,NA,NA,"3 7 9",NA,NA,1,1,1,1,NA,NA,0.181669771809929,2,2,NA,1,1,NA,NA,NA,NA,NA,NA,NA,NA,NA,NA,NA,NA,NA,NA,NA,NA,NA,NA,NA,NA,1,1,NA,0.282635252652227,2,NA,NA,NA,1,NA,2,NA,2,1,1,NA,1,2,0.758395657557201,"you see a group of people from your community standing nearby, discussing the incident","nolaba ekibinja ky abantu okuva mukitundu kyo nga bayimiridde okumpi, nga bogera ku kiguddewo",2,NA,"It is non of my business  ",NA,NA,1,NA,0.630992897813748,"Nabakyala","woman","Man","omukazi","omusajja",2,NA,NA,1,1,1,1,2,0.950064905520322,18,NA,"Mukiga",NA,NA,NA,NA,NA,5,2,"1 2 3",NA,NA,NA,NA,NA,NA,NA,1,2,2,NA,1,1,NA,NA,NA,NA,NA,NA,NA,NA,NA,NA,NA,2,3,3,2,NA,NA,NA,NA,NA,1,NA,2,NA,1,"The respondent had low self-esteem.  She didn't  watch any movie but she heard about them!","uuid:bf2f2471-eb94-4bc6-af5e-b590e68b1c30",1705190627,"uuid:bf2f2471-eb94-4bc6-af5e-b590e68b1c30",93
"51","May 19, 2017 8:41:06 PM","May 19, 2017 8:37:50 AM","May 19, 2017 11:05:02 AM",31,NA,NA,NA,NA,1,NA,1,2,"May 19, 2017 9:59:00 AM",40105181,40105181,"Mubende",NA,NA,NA,1,2,18,NA,NA,NA,7,NA,"11",NA,NA,NA,NA,NA,NA,NA,NA,NA,1,NA,3,"8",NA,4,5,"Potatoes",5,3,5,0.981230343013854,6,NA,NA,NA,NA,NA,NA,NA,NA,NA,NA,NA,NA,NA,NA,NA,NA,NA,NA,NA,NA,NA,NA,NA,NA,NA,NA,NA,NA,NA,NA,NA,NA,NA,NA,NA,NA,NA,NA,NA,NA,NA,2,2,2,2,1,2,1,"2 3 9",NA,NA,2,2,1,1,NA,NA,0.861318157405667,NA,NA,NA,NA,NA,NA,NA,NA,NA,NA,NA,NA,NA,NA,NA,NA,NA,NA,2,2,NA,2,2,NA,NA,2,NA,2,0.244112324681454,2,NA,NA,NA,2,NA,2,NA,1,1,2,NA,1,1,0.0642879724660705,"you know that you are the only who has observed the incident","ng omanyi nti gwe weka alabye ekintu ekiguddewo",1,NA,NA,NA,NA,2,NA,0.784944396831856,"Police","man","Woman","omusajja","omukazi",2,NA,NA,2,2,1,1,1,0.158181656424826,1,NA,"Muganda",NA,NA,NA,NA,NA,0,NA,NA,NA,NA,NA,2,NA,3,NA,NA,NA,NA,NA,NA,NA,NA,NA,NA,NA,NA,NA,NA,NA,NA,NA,NA,1,3,1,2,NA,NA,NA,NA,NA,6,NA,1,NA,1,NA,"uuid:334d32c0-2956-4b22-a3f7-8694868c55fa",1705190627,"uuid:334d32c0-2956-4b22-a3f7-8694868c55fa",83
"52","May 19, 2017 8:42:09 PM","May 19, 2017 9:28:26 AM","May 19, 2017 10:45:51 AM",33,NA,NA,NA,NA,1,NA,1,1,"May 19, 2017 9:28:00 AM",40105301,40105301,"Mubende",NA,NA,NA,1,3,26,NA,NA,NA,2,NA,"11",NA,NA,NA,NA,NA,NA,NA,NA,NA,1,NA,3,"1 10",NA,4,5,"Posh",5,5,4,0.611393279728097,4,NA,NA,NA,NA,NA,NA,NA,NA,NA,NA,NA,NA,NA,NA,NA,NA,NA,NA,NA,NA,NA,NA,NA,NA,NA,1,1,2,1,2,2,2,NA,NA,NA,NA,NA,NA,NA,NA,NA,NA,NA,NA,NA,NA,NA,NA,"1 3 9",NA,NA,1,2,1,1,NA,NA,0.32762497135024,NA,NA,NA,NA,NA,NA,2,1,NA,1,2,NA,NA,NA,NA,NA,NA,NA,NA,NA,NA,NA,NA,NA,NA,2,NA,2,0.0134287175671803,2,NA,NA,NA,1,NA,1,NA,1,1,1,NA,1,2,0.43367468099984,"you know that you are the only who has observed the incident","ng omanyi nti gwe weka alabye ekintu ekiguddewo",1,NA,NA,NA,NA,2,NA,0.519728098853183,"Nabakyala","man","Woman","omusajja","omukazi",1,NA,NA,1,1,2,1,1,0.759350525341008,24,NA,"Munyoro",NA,NA,NA,NA,NA,2,1,"1 2",NA,NA,NA,2,NA,3,NA,NA,NA,NA,NA,NA,NA,NA,NA,NA,NA,NA,NA,NA,NA,NA,NA,NA,1,2,2,2,NA,NA,NA,NA,NA,3,NA,1,NA,3,"He was free to answer every question","uuid:bb4f827d-9e47-47ba-a170-05ccdc142d31",1705190627,"uuid:bb4f827d-9e47-47ba-a170-05ccdc142d31",83
"53","May 19, 2017 8:42:10 PM","May 19, 2017 10:46:01 AM","May 19, 2017 12:05:12 PM",33,NA,NA,NA,NA,1,NA,1,1,"May 19, 2017 10:46:00 AM",40105361,40105361,"Mubende",NA,NA,NA,1,1,27,NA,NA,NA,7,NA,"8",NA,NA,NA,NA,NA,NA,NA,NA,NA,15,"Sand minning",3,"1 2 10",NA,4,5,"Matooke",5,2,4,0.37973612285164,3,NA,NA,NA,NA,NA,NA,NA,NA,NA,NA,NA,NA,NA,NA,NA,NA,NA,1,2,2,2,2,1,1,NA,NA,NA,NA,NA,NA,NA,NA,NA,NA,NA,NA,NA,NA,NA,NA,NA,NA,NA,NA,NA,NA,NA,NA,"2 5 9",NA,NA,2,2,1,1,NA,NA,0.9026132957492,NA,NA,NA,NA,NA,NA,NA,NA,NA,NA,NA,NA,NA,NA,NA,NA,NA,NA,2,1,NA,2,1,NA,NA,2,NA,2,0.532148100018387,NA,2,NA,NA,2,NA,NA,2,1,1,1,NA,1,2,0.838765811240977,"you see a group of people from your community standing nearby, discussing the incident","nolaba ekibinja ky abantu okuva mukitundu kyo nga bayimiridde okumpi, nga bogera ku kiguddewo",1,NA,NA,NA,NA,1,NA,0.00636389573294904,"LC1","man","Woman","omusajja","omukazi",1,NA,NA,1,1,2,2,2,0.956887198007759,29,NA,"Mutooro",NA,NA,NA,NA,NA,0,NA,NA,NA,NA,NA,2,NA,3,NA,NA,NA,NA,NA,NA,NA,NA,NA,NA,NA,NA,NA,NA,NA,NA,NA,NA,1,3,1,2,NA,NA,NA,NA,NA,3,NA,1,NA,3,"None","uuid:1d328e8a-3834-443a-bb28-50041960c376",1705190627,"uuid:1d328e8a-3834-443a-bb28-50041960c376",83
"54","May 19, 2017 8:42:11 PM","May 19, 2017 4:23:36 PM","May 19, 2017 5:28:09 PM",33,NA,NA,NA,NA,1,NA,1,1,"May 19, 2017 4:24:00 PM",40105191,40105191,"Mubende",NA,NA,NA,1,1,24,NA,NA,NA,2,NA,"9",NA,NA,NA,NA,NA,NA,NA,NA,NA,7,NA,2,"1 2 3 4 7 10",NA,4,5,"Matooke",5,3,5,0.76216753847662,5,NA,NA,NA,NA,NA,NA,NA,NA,NA,NA,NA,NA,NA,NA,NA,NA,NA,NA,NA,NA,NA,NA,NA,NA,NA,NA,NA,NA,NA,NA,NA,NA,NA,1,1,2,1,1,1,1,NA,NA,NA,NA,NA,NA,NA,NA,"1 3 9",NA,NA,2,1,1,1,NA,NA,0.239113937387474,2,2,NA,2,2,NA,NA,NA,NA,NA,NA,NA,NA,NA,NA,NA,NA,NA,NA,NA,NA,NA,NA,NA,NA,2,NA,2,0.207686295541838,2,NA,NA,NA,2,NA,2,NA,1,1,1,NA,1,1,0.80136803846053,"you see a group of people from your community standing nearby, discussing the incident","nolaba ekibinja ky abantu okuva mukitundu kyo nga bayimiridde okumpi, nga bogera ku kiguddewo",1,NA,NA,NA,NA,2,NA,0.804101330522641,"Police","man","Woman","omusajja","omukazi",1,NA,NA,2,2,2,1,1,0.137343081431009,1,NA,"Muganda",NA,NA,NA,NA,NA,4,0,NA,NA,NA,NA,2,NA,3,NA,NA,NA,NA,NA,NA,NA,NA,NA,NA,NA,NA,NA,NA,NA,NA,NA,NA,1,3,1,2,NA,NA,NA,NA,NA,4,NA,1,NA,2,"None","uuid:9f047f7a-8c09-4bdb-8cbe-2453f4914825",1705190627,"uuid:9f047f7a-8c09-4bdb-8cbe-2453f4914825",83
"55","May 19, 2017 8:42:21 PM","May 19, 2017 9:43:59 AM","May 19, 2017 10:48:13 AM",17,NA,NA,NA,NA,1,NA,2,2,"May 19, 2017 9:49:00 AM",NA,NA,NA,"t40105061","t40105061",4,2,2,NA,42,1,NA,5,NA,"11",NA,3,2,NA,2,NA,"37",NA,NA,1,NA,3,"3 7 10",NA,6,5,"Muwogo",5,6,5,0.155213308137323,1,NA,2,1,1,2,2,2,1,NA,NA,NA,NA,NA,NA,NA,NA,NA,NA,NA,NA,NA,NA,NA,NA,NA,NA,NA,NA,NA,NA,NA,NA,NA,NA,NA,NA,NA,NA,NA,NA,NA,NA,NA,NA,NA,NA,NA,NA,"2 3 9",NA,NA,1,1,1,1,NA,NA,0.288687696448723,NA,NA,NA,NA,NA,NA,2,2,NA,1,2,NA,NA,NA,NA,NA,NA,NA,NA,NA,NA,NA,NA,NA,NA,1,1,NA,0.330159709272333,1,NA,NA,NA,2,NA,1,NA,1,1,1,NA,2,1,0.700057996306113,"you see a group of people from your community standing nearby, discussing the incident","nolaba ekibinja ky abantu okuva mukitundu kyo nga bayimiridde okumpi, nga bogera ku kiguddewo",1,NA,NA,NA,NA,2,NA,0.219294263634612,"LC1","woman","Man","omukazi","omusajja",1,NA,NA,2,1,1,1,1,0.529795648993055,1,NA,"Muganda",2,NA,1,NA,NA,0,NA,NA,NA,NA,NA,NA,NA,NA,NA,2,NA,NA,NA,NA,1,8,4,NA,NA,NA,NA,NA,NA,NA,NA,NA,NA,NA,1,2,NA,NA,NA,NA,NA,4,NA,1,NA,1,NA,"uuid:b35e5b33-d455-4c3f-b6e3-e0fffcb22c20",1705190627,"uuid:b35e5b33-d455-4c3f-b6e3-e0fffcb22c20",83
"56","May 19, 2017 8:42:50 PM","May 19, 2017 10:05:40 AM","May 19, 2017 11:32:11 AM",34,NA,NA,NA,NA,1,NA,1,1,"May 19, 2017 10:06:00 AM",40105071,40105071,"Mubende",NA,NA,NA,1,1,43,NA,NA,NA,1,NA,"4",NA,NA,NA,NA,NA,NA,NA,NA,NA,1,NA,1,"5 1 3 7 10",NA,5,3,"Nile perch",5,5,5,0.290573170090487,2,NA,NA,NA,NA,NA,NA,NA,NA,NA,2,2,2,1,2,1,2,NA,NA,NA,NA,NA,NA,NA,NA,NA,NA,NA,NA,NA,NA,NA,NA,NA,NA,NA,NA,NA,NA,NA,NA,NA,NA,NA,NA,NA,NA,NA,NA,"2 5 9",NA,NA,1,1,1,1,NA,NA,0.971909631019124,NA,NA,NA,NA,NA,NA,NA,NA,NA,NA,NA,NA,NA,NA,NA,NA,NA,NA,1,1,NA,2,1,NA,NA,2,NA,2,0.166114993700686,2,NA,NA,NA,1,NA,1,NA,1,1,1,NA,1,2,0.0459068804625405,"you know that you are the only who has observed the incident","ng omanyi nti gwe weka alabye ekintu ekiguddewo",1,NA,NA,NA,NA,2,NA,0.443584564187511,"Nabakyala","man","Woman","omusajja","omukazi",2,NA,NA,1,1,2,1,2,0.175912592277117,22,NA,"Munyarwanda",NA,NA,NA,NA,NA,6,4,"5",NA,"Ssabataka",NA,1,1,NA,NA,NA,NA,NA,NA,NA,NA,NA,NA,NA,NA,NA,NA,NA,NA,NA,1,"The organization responsible for the movie industry",1,4,1,2,NA,NA,NA,NA,NA,3,NA,1,NA,1,NA,"uuid:bc063e5f-9bcc-4f1a-a88f-9d7463a4fc1a",1705190627,"uuid:bc063e5f-9bcc-4f1a-a88f-9d7463a4fc1a",83
"57","May 19, 2017 8:42:50 PM","May 19, 2017 11:43:59 AM","May 19, 2017 12:53:23 PM",34,NA,NA,NA,NA,1,NA,1,1,"May 19, 2017 11:46:00 AM",40105091,40105091,"Mubende",NA,NA,NA,1,1,27,NA,NA,NA,1,NA,"11",NA,NA,NA,NA,NA,NA,NA,NA,NA,7,NA,3,"1 3 4 10",NA,2,5,"Matooke",5,4,5,0.966286579862353,6,NA,NA,NA,NA,NA,NA,NA,NA,NA,NA,NA,NA,NA,NA,NA,NA,NA,NA,NA,NA,NA,NA,NA,NA,NA,NA,NA,NA,NA,NA,NA,NA,NA,NA,NA,NA,NA,NA,NA,NA,NA,1,1,2,1,1,2,1,"1 3 9",NA,NA,2,1,2,1,NA,NA,0.918566844100323,NA,NA,NA,NA,NA,NA,NA,NA,NA,NA,NA,NA,NA,NA,NA,NA,NA,NA,1,1,NA,2,2,NA,NA,2,NA,2,0.0630887865875757,2,NA,NA,NA,2,NA,2,NA,1,1,1,NA,1,1,0.216251588411715,"you know that you are the only who has observed the incident","ng omanyi nti gwe weka alabye ekintu ekiguddewo",1,NA,NA,NA,NA,2,NA,0.449940988344201,"Nabakyala","man","Woman","omusajja","omukazi",2,NA,NA,1,1,1,1,1,0.938632627768542,21,NA,"Munyankole",NA,NA,NA,NA,NA,2,1,"1 2",NA,NA,NA,1,1,NA,NA,NA,NA,NA,NA,NA,NA,NA,NA,NA,NA,NA,NA,NA,NA,NA,2,NA,1,3,1,2,NA,NA,NA,NA,NA,3,NA,1,NA,3,"The police officer known to the respondent is in the army and another one is a crime preventor","uuid:a2b2955f-28e1-4f80-8663-9f8c5de78b0b",1705190627,"uuid:a2b2955f-28e1-4f80-8663-9f8c5de78b0b",83
"58","May 19, 2017 8:43:48 PM","May 19, 2017 10:10:33 AM","May 19, 2017 11:03:16 AM",25,NA,NA,NA,NA,1,NA,2,2,"May 19, 2017 10:12:00 AM",NA,NA,NA,"t40105051","t40105051",4,2,2,NA,48,1,NA,6,NA,"11",NA,4,2,NA,2,NA,"31",NA,NA,1,NA,3,"1 3 7 10",NA,4,5,"Matooke ",3,2,4,0.584691604576537,4,NA,NA,NA,NA,NA,NA,NA,NA,NA,NA,NA,NA,NA,NA,NA,NA,NA,NA,NA,NA,NA,NA,NA,NA,NA,1,1,2,1,2,2,2,NA,NA,NA,NA,NA,NA,NA,NA,NA,NA,NA,NA,NA,NA,NA,NA,"1 2 9",NA,NA,2,2,1,1,NA,NA,0.0385879712001096,2,1,NA,2,2,NA,NA,NA,NA,NA,NA,NA,NA,NA,NA,NA,NA,NA,NA,NA,NA,NA,NA,NA,NA,1,1,NA,0.318229315276911,1,NA,NA,NA,1,NA,1,NA,2,1,1,NA,1,2,0.583254404818498,"you see a group of people from your community standing nearby, discussing the incident","nolaba ekibinja ky abantu okuva mukitundu kyo nga bayimiridde okumpi, nga bogera ku kiguddewo",1,NA,NA,NA,NA,1,NA,0.137028132511696,"LC1","woman","Man","omukazi","omusajja",1,NA,NA,1,2,1,1,1,0.557916456032909,24,NA,"Munyoro",3,NA,1,NA,NA,0,NA,NA,NA,NA,NA,NA,NA,NA,NA,2,NA,NA,NA,NA,1,7,3,NA,NA,NA,7,NA,NA,NA,NA,NA,NA,NA,1,2,NA,NA,NA,NA,NA,2,NA,1,NA,1,NA,"uuid:4ceab976-07d2-4db0-8d36-0d16bc2c4387",1705190627,"uuid:4ceab976-07d2-4db0-8d36-0d16bc2c4387",83
"59","May 19, 2017 8:43:52 PM","May 19, 2017 11:24:36 AM","May 19, 2017 12:16:11 PM",25,NA,NA,NA,NA,1,NA,1,1,"May 19, 2017 11:25:00 AM",40105131,40105131,"Mubende",NA,NA,NA,2,2,19,NA,NA,NA,7,NA,"11",NA,NA,NA,NA,NA,NA,NA,NA,NA,14,NA,3,"1 2 3 10",NA,2,5,"Matooke ",4,5,5,0.0651281233338954,1,NA,2,1,2,2,2,2,2,NA,NA,NA,NA,NA,NA,NA,NA,NA,NA,NA,NA,NA,NA,NA,NA,NA,NA,NA,NA,NA,NA,NA,NA,NA,NA,NA,NA,NA,NA,NA,NA,NA,NA,NA,NA,NA,NA,NA,NA,"2 4 9",NA,NA,2,1,1,1,NA,NA,0.725802741256055,NA,NA,NA,NA,NA,NA,NA,NA,NA,NA,NA,NA,2,1,NA,1,2,NA,NA,NA,NA,NA,NA,NA,NA,2,NA,1,0.725434557708545,NA,NA,1,NA,2,2,NA,NA,2,1,2,NA,1,2,0.24562470433245,"you know that you are the only who has observed the incident","ng omanyi nti gwe weka alabye ekintu ekiguddewo",1,NA,NA,NA,NA,1,NA,0.417926624848631,"Nabakyala","woman","Man","omukazi","omusajja",2,NA,NA,1,2,1,2,2,0.651134982145729,24,NA,"Munyoro",NA,NA,NA,NA,NA,1,1,"4",NA,NA,NA,NA,NA,NA,NA,2,NA,NA,NA,NA,1,NA,NA,NA,NA,NA,NA,NA,NA,NA,1,"She doesn't know ",1,3,1,2,NA,NA,NA,NA,NA,6,NA,1,NA,2,NA,"uuid:1f81d295-9677-41a8-9a9a-9e668ce44054",1705190627,"uuid:1f81d295-9677-41a8-9a9a-9e668ce44054",83
"60","May 19, 2017 8:43:56 PM","May 19, 2017 12:36:47 PM","May 19, 2017 1:30:04 PM",25,NA,NA,NA,NA,1,NA,1,1,"May 19, 2017 12:38:00 PM",40105381,40105381,"Mubende",NA,NA,NA,2,2,20,NA,NA,NA,7,NA,"11",NA,NA,NA,NA,NA,NA,NA,NA,NA,9,NA,3,"2 3 10",NA,4,5,"Matooke,posho and potatoes ",5,4,5,0.933767106441153,6,NA,NA,NA,NA,NA,NA,NA,NA,NA,NA,NA,NA,NA,NA,NA,NA,NA,NA,NA,NA,NA,NA,NA,NA,NA,NA,NA,NA,NA,NA,NA,NA,NA,NA,NA,NA,NA,NA,NA,NA,NA,2,2,2,1,1,1,2,"2 3 4",NA,NA,2,2,1,1,NA,NA,0.427122917287542,NA,NA,NA,NA,NA,NA,2,2,NA,1,2,NA,NA,NA,NA,NA,NA,NA,NA,NA,NA,NA,NA,NA,NA,2,NA,2,0.648781577302916,NA,2,NA,NA,1,NA,NA,2,1,1,1,NA,1,1,0.206255779824425,"you know that you are the only who has observed the incident","ng omanyi nti gwe weka alabye ekintu ekiguddewo",1,NA,NA,NA,NA,2,NA,0.75249490006196,"Police","woman","Man","omukazi","omusajja",2,NA,NA,1,1,2,2,1,0.199651089410066,24,NA,"Munyoro",NA,NA,NA,NA,NA,2,2,"2 3",NA,NA,NA,NA,NA,NA,NA,2,NA,NA,NA,NA,1,NA,NA,NA,NA,NA,NA,NA,NA,NA,2,NA,1,3,1,2,NA,NA,NA,NA,NA,4,NA,1,NA,1,NA,"uuid:2a1012d9-7354-4507-b994-0b980452817b",1705190627,"uuid:2a1012d9-7354-4507-b994-0b980452817b",83
"61","May 19, 2017 8:44:00 PM","May 19, 2017 4:37:05 PM","May 19, 2017 5:43:06 PM",25,NA,NA,NA,NA,1,NA,2,2,"May 19, 2017 4:37:00 PM",NA,NA,NA,"t40105041","t40105041",4,2,1,NA,46,1,NA,6,NA,"5 8",NA,7,2,NA,2,NA,"3",NA,NA,9,NA,3,"1 2 4 10",NA,4,5,"Matooke",5,3,5,0.903001897679864,6,NA,NA,NA,NA,NA,NA,NA,NA,NA,NA,NA,NA,NA,NA,NA,NA,NA,NA,NA,NA,NA,NA,NA,NA,NA,NA,NA,NA,NA,NA,NA,NA,NA,NA,NA,NA,NA,NA,NA,NA,NA,1,1,2,1,1,1,1,"1 3 5",NA,NA,2,1,2,1,NA,NA,0.0381895713776895,1,1,NA,2,2,NA,NA,NA,NA,NA,NA,NA,NA,NA,NA,NA,NA,NA,NA,NA,NA,NA,NA,NA,NA,2,NA,1,0.447172531467397,NA,2,NA,NA,2,NA,NA,2,1,1,1,NA,1,2,0.466704233134083,"you know that you are the only who has observed the incident","ng omanyi nti gwe weka alabye ekintu ekiguddewo",1,NA,NA,NA,NA,1,NA,0.565495883969224,"Nabakyala","woman","Man","omukazi","omusajja",1,NA,NA,1,1,1,1,1,0.903432338419815,1,NA,"Muganda",11,NA,1,NA,NA,5,4,"3",NA,NA,NA,NA,NA,NA,NA,2,NA,NA,NA,NA,1,8,4,NA,NA,NA,NA,NA,NA,NA,NA,NA,NA,NA,1,2,NA,NA,NA,NA,NA,4,NA,1,NA,2,NA,"uuid:fb3fdfdb-8ca4-4c1d-8436-483efcb39b4c",1705190627,"uuid:fb3fdfdb-8ca4-4c1d-8436-483efcb39b4c",83
"62","May 19, 2017 9:02:44 PM","May 19, 2017 10:34:27 AM","May 19, 2017 11:41:34 AM",4,NA,NA,NA,NA,1,NA,2,2,"May 19, 2017 10:38:00 AM",NA,NA,NA,"t41610021","t41610021",4,1,3,NA,48,1,NA,7,NA,"2",NA,4,4,NA,2,NA,"31",NA,NA,1,NA,1,"1 10",NA,4,5,"Cassava ",5,2,1,0.757139693435487,5,NA,NA,NA,NA,NA,NA,NA,NA,NA,NA,NA,NA,NA,NA,NA,NA,NA,NA,NA,NA,NA,NA,NA,NA,NA,NA,NA,NA,NA,NA,NA,NA,NA,1,2,2,2,1,2,2,NA,NA,NA,NA,NA,NA,NA,NA,"1 2 9",NA,NA,2,1,1,1,NA,NA,0.355570359434874,NA,NA,NA,NA,NA,NA,2,2,NA,2,2,NA,NA,NA,NA,NA,NA,NA,NA,NA,NA,NA,NA,NA,NA,1,1,NA,0.60548957200536,NA,2,NA,NA,2,NA,NA,2,1,1,1,NA,1,2,0.571849004596235,"you see a group of people from your community standing nearby, discussing the incident","nolaba ekibinja ky abantu okuva mukitundu kyo nga bayimiridde okumpi, nga bogera ku kiguddewo",1,NA,NA,NA,NA,1,NA,0.924839357712285,"Police","man","Woman","omusajja","omukazi",1,NA,NA,1,1,1,2,2,0.165132899273596,24,NA,"Munyoro",3,NA,1,NA,NA,3,1,"4",NA,NA,NA,1,1,NA,NA,NA,NA,NA,NA,NA,NA,6,1,4,NA,NA,NA,NA,NA,NA,NA,NA,NA,NA,2,2,NA,NA,NA,NA,NA,2,NA,1,NA,3,"Successful ","uuid:b1028ff4-4c21-40e7-97ed-36f78ab75745",1705190627,"uuid:b1028ff4-4c21-40e7-97ed-36f78ab75745",94
"63","May 19, 2017 9:02:50 PM","May 19, 2017 12:04:34 PM","May 19, 2017 1:00:46 PM",4,NA,NA,NA,NA,1,NA,1,1,"May 19, 2017 12:09:00 PM",41610121,41610121,"Mubende",NA,NA,NA,1,1,28,NA,NA,NA,1,NA,"4",NA,NA,NA,NA,NA,NA,NA,NA,NA,6,NA,2,"3 4",NA,5,3,"Irish potatoes ",5,4,1,0.64384325091327,4,NA,NA,NA,NA,NA,NA,NA,NA,NA,NA,NA,NA,NA,NA,NA,NA,NA,NA,NA,NA,NA,NA,NA,NA,NA,1,2,1,2,2,2,2,NA,NA,NA,NA,NA,NA,NA,NA,NA,NA,NA,NA,NA,NA,NA,NA,"2 7 9",NA,NA,1,2,1,1,NA,NA,0.582896504567503,NA,NA,NA,NA,NA,NA,NA,NA,NA,NA,NA,NA,2,1,NA,2,2,NA,NA,NA,NA,NA,NA,NA,NA,2,NA,2,0.878577631848389,NA,NA,1,NA,1,1,NA,NA,1,1,1,NA,1,2,0.854461597121546,"you see a group of people from your community standing nearby, discussing the incident","nolaba ekibinja ky abantu okuva mukitundu kyo nga bayimiridde okumpi, nga bogera ku kiguddewo",1,NA,NA,NA,NA,2,NA,0.828135226509976,"Police","man","Woman","omusajja","omukazi",1,NA,NA,2,2,1,2,1,0.966362596629028,29,NA,"Mutooro",NA,NA,NA,NA,NA,3,2,"2",NA,NA,NA,1,1,NA,NA,NA,NA,NA,NA,NA,NA,NA,NA,NA,NA,NA,NA,NA,NA,NA,1,"I think government ",1,3,2,2,NA,NA,NA,NA,NA,3,NA,1,NA,4,"Successful ","uuid:3871c423-4e97-4eb7-8276-50993d7bc3c1",1705190627,"uuid:3871c423-4e97-4eb7-8276-50993d7bc3c1",94
"64","May 19, 2017 9:02:50 PM","May 19, 2017 2:01:56 PM","May 19, 2017 3:11:28 PM",4,NA,NA,NA,NA,1,NA,1,1,"May 19, 2017 2:02:00 PM",41610211,41610211,"Mubende",NA,NA,NA,1,3,20,NA,NA,NA,1,NA,"8",NA,NA,NA,NA,NA,NA,NA,NA,NA,1,NA,2,"4 10",NA,3,3,"Posho ",5,2,5,0.254919837677284,2,NA,NA,NA,NA,NA,NA,NA,NA,NA,2,1,2,2,2,2,2,NA,NA,NA,NA,NA,NA,NA,NA,NA,NA,NA,NA,NA,NA,NA,NA,NA,NA,NA,NA,NA,NA,NA,NA,NA,NA,NA,NA,NA,NA,NA,NA,"1 4 9",NA,NA,1,1,1,1,NA,NA,0.707772549548786,NA,NA,NA,NA,NA,NA,NA,NA,NA,NA,NA,NA,2,1,NA,1,1,NA,NA,NA,NA,NA,NA,NA,NA,1,1,NA,0.848302527441369,NA,NA,2,NA,2,2,NA,NA,1,1,1,NA,2,2,0.649816876390576,"you see a group of people from your community standing nearby, discussing the incident","nolaba ekibinja ky abantu okuva mukitundu kyo nga bayimiridde okumpi, nga bogera ku kiguddewo",1,NA,NA,NA,NA,2,NA,0.635345863955277,"Nabakyala","man","Woman","omusajja","omukazi",2,NA,NA,1,1,2,1,1,0.220509411889616,18,NA,"Mukiga",NA,NA,NA,NA,NA,1,1,"4",NA,NA,NA,2,NA,3,NA,NA,NA,NA,NA,NA,NA,NA,NA,NA,NA,NA,NA,NA,NA,NA,2,NA,1,3,2,2,NA,NA,NA,NA,NA,3,NA,1,NA,4,"Successful ","uuid:62893128-14b3-4f87-b224-a10ca1e5ba59",1705190627,"uuid:62893128-14b3-4f87-b224-a10ca1e5ba59",94
"65","May 19, 2017 9:03:28 PM","May 19, 2017 9:39:42 AM","May 19, 2017 10:49:12 AM",32,NA,NA,NA,NA,1,NA,1,1,"May 19, 2017 9:47:00 AM",41601121,41601121,"Mubende",NA,NA,NA,1,2,32,NA,NA,NA,1,NA,"2 6",NA,NA,NA,NA,NA,NA,NA,NA,NA,1,NA,3,"5 1 2 3 4 7 10",NA,4,5,"Matooke",5,2,5,0.204660292674269,2,NA,NA,NA,NA,NA,NA,NA,NA,NA,1,1,1,1,1,1,2,NA,NA,NA,NA,NA,NA,NA,NA,NA,NA,NA,NA,NA,NA,NA,NA,NA,NA,NA,NA,NA,NA,NA,NA,NA,NA,NA,NA,NA,NA,NA,NA,"3 5 9",NA,NA,1,1,2,1,NA,NA,0.0407267582173373,2,1,NA,2,1,NA,NA,NA,NA,NA,NA,NA,NA,NA,NA,NA,NA,NA,NA,NA,NA,NA,NA,NA,NA,2,NA,2,0.936494124819822,NA,NA,2,NA,1,1,NA,NA,1,1,1,NA,1,1,0.655387378216546,"you see a group of people from your community standing nearby, discussing the incident","nolaba ekibinja ky abantu okuva mukitundu kyo nga bayimiridde okumpi, nga bogera ku kiguddewo",2,NA,"The village people and friendsnmight revenge",NA,NA,1,NA,0.940616091789035,"Police","man","Woman","omusajja","omukazi",1,NA,NA,2,2,1,1,1,0.452947228968385,14,NA,"Mufumbira",NA,NA,NA,NA,NA,5,5,"1 2 3",NA,NA,NA,1,1,NA,NA,NA,NA,NA,NA,NA,NA,NA,NA,NA,NA,NA,NA,NA,NA,NA,NA,NA,2,2,1,2,NA,NA,NA,NA,NA,3,NA,1,NA,2,NA,"uuid:1aea1d9e-e013-444f-85b5-9807f359a3f1",1705190627,"uuid:1aea1d9e-e013-444f-85b5-9807f359a3f1",93
"66","May 19, 2017 9:03:34 PM","May 19, 2017 10:57:49 AM","May 19, 2017 11:51:19 AM",32,NA,NA,NA,NA,1,NA,1,1,"May 19, 2017 11:02:00 AM",41601321,41601321,"Mubende",NA,NA,NA,1,2,27,NA,NA,NA,1,NA,"7",NA,NA,NA,NA,NA,NA,NA,NA,NA,15,"Musawo",1,"1 2 7 10",NA,3,3,"Kawunga",5,3,5,0.97094785424854,6,NA,NA,NA,NA,NA,NA,NA,NA,NA,NA,NA,NA,NA,NA,NA,NA,NA,NA,NA,NA,NA,NA,NA,NA,NA,NA,NA,NA,NA,NA,NA,NA,NA,NA,NA,NA,NA,NA,NA,NA,NA,1,1,2,2,1,1,1,"2 3 4",NA,NA,2,1,1,1,NA,NA,0.0795374513446666,2,2,NA,1,2,NA,NA,NA,NA,NA,NA,NA,NA,NA,NA,NA,NA,NA,NA,NA,NA,NA,NA,NA,NA,2,NA,2,0.527596858221949,NA,2,NA,NA,2,NA,NA,2,1,1,1,NA,1,2,0.157517565175242,"you know that you are the only who has observed the incident","ng omanyi nti gwe weka alabye ekintu ekiguddewo",1,NA,NA,NA,NA,2,NA,0.323799991030938,"LC1","man","Woman","omusajja","omukazi",2,NA,NA,2,1,2,1,2,0.362739294507504,14,NA,"Mufumbira",NA,NA,NA,NA,NA,2,1,"2",NA,NA,NA,2,NA,3,NA,NA,NA,NA,NA,NA,NA,NA,NA,NA,NA,NA,NA,NA,NA,NA,NA,NA,3,3,1,2,NA,NA,NA,NA,NA,4,NA,1,NA,2,NA,"uuid:e8614fc6-0cbc-46c0-9b24-59e06fd6afc3",1705190627,"uuid:e8614fc6-0cbc-46c0-9b24-59e06fd6afc3",93
"67","May 19, 2017 9:03:37 PM","May 19, 2017 12:03:29 PM","May 19, 2017 1:07:57 PM",32,NA,NA,NA,NA,1,NA,1,1,"May 19, 2017 12:09:00 PM",41601131,41601131,"Mubende",NA,NA,NA,1,2,35,NA,NA,NA,1,NA,"11",NA,NA,NA,NA,NA,NA,NA,NA,NA,1,NA,1,"1 2 3 4 7 10",NA,4,5,"Cassava",4,2,1,0.554333539589457,4,NA,NA,NA,NA,NA,NA,NA,NA,NA,NA,NA,NA,NA,NA,NA,NA,NA,NA,NA,NA,NA,NA,NA,NA,NA,2,1,1,1,2,2,2,NA,NA,NA,NA,NA,NA,NA,NA,NA,NA,NA,NA,NA,NA,NA,NA,"5 7 9",NA,NA,1,1,1,1,NA,NA,0.346960569218445,NA,NA,NA,NA,NA,NA,2,1,NA,2,1,NA,NA,NA,NA,NA,NA,NA,NA,NA,NA,NA,NA,NA,NA,1,1,NA,0.563428762675712,NA,2,NA,NA,2,NA,NA,2,1,1,1,NA,1,2,0.679923579545175,"you see a group of people from your community standing nearby, discussing the incident","nolaba ekibinja ky abantu okuva mukitundu kyo nga bayimiridde okumpi, nga bogera ku kiguddewo",1,NA,NA,NA,NA,2,NA,0.830717853381543,"Police","man","Woman","omusajja","omukazi",1,NA,NA,1,1,1,1,2,0.782715008444405,14,NA,"Mufumbira",NA,NA,NA,NA,NA,1,0,NA,NA,NA,NA,2,NA,3,NA,NA,NA,NA,NA,NA,NA,NA,NA,NA,NA,NA,NA,NA,NA,NA,NA,NA,1,3,2,2,NA,NA,NA,NA,NA,2,NA,1,NA,1,"The respondent said he did not understand the importance  of watching the movies but they will so much glad if they bring back the movies ","uuid:16c03667-8e03-47ea-a84d-1ab63b55719f",1705190627,"uuid:16c03667-8e03-47ea-a84d-1ab63b55719f",93
"68","May 19, 2017 9:03:41 PM","May 19, 2017 4:14:59 PM","May 19, 2017 5:49:12 PM",32,NA,NA,NA,NA,1,NA,1,1,"May 19, 2017 4:29:00 PM",41601101,41601101,"Mubende",NA,NA,NA,1,1,30,NA,NA,NA,1,NA,"11",NA,NA,NA,NA,NA,NA,NA,NA,NA,1,NA,1,"5 1 4 7 10",NA,4,5,"Kawunga",4,2,5,0.74086992326333,5,NA,NA,NA,NA,NA,NA,NA,NA,NA,NA,NA,NA,NA,NA,NA,NA,NA,NA,NA,NA,NA,NA,NA,NA,NA,NA,NA,NA,NA,NA,NA,NA,NA,2,1,2,1,1,1,2,NA,NA,NA,NA,NA,NA,NA,NA,"2 3 9",NA,NA,2,1,1,1,NA,NA,0.81149501680774,NA,NA,NA,NA,NA,NA,NA,NA,NA,NA,NA,NA,NA,NA,NA,NA,NA,NA,1,1,NA,2,2,NA,NA,2,NA,1,0.452165311135745,NA,2,NA,NA,2,NA,NA,2,1,1,1,NA,1,2,0.21370978998249,"you know that you are the only who has observed the incident","ng omanyi nti gwe weka alabye ekintu ekiguddewo",1,NA,NA,NA,NA,1,NA,0.235760128578041,"LC1","man","Woman","omusajja","omukazi",2,NA,NA,1,1,1,1,1,0.771375646973847,14,NA,"Mufumbira",NA,NA,NA,NA,NA,5,1,"1 2 3",NA,NA,NA,2,NA,2,NA,NA,NA,NA,NA,NA,NA,NA,NA,NA,NA,NA,NA,NA,NA,NA,NA,NA,2,3,2,2,NA,NA,NA,NA,NA,5,NA,1,NA,2,NA,"uuid:721004f4-c749-4bc8-bd58-68900d80b402",1705190627,"uuid:721004f4-c749-4bc8-bd58-68900d80b402",93
"69","May 19, 2017 9:05:50 PM","May 19, 2017 10:43:08 AM","May 19, 2017 12:10:31 PM",13,NA,NA,NA,NA,1,NA,1,1,"May 19, 2017 10:55:00 AM",41601301,41601301,"Mubende",NA,NA,NA,1,2,30,NA,NA,NA,1,NA,"11",NA,NA,NA,NA,NA,NA,NA,NA,NA,1,NA,1,"1 7 10",NA,4,5,"Matooke",5,6,4,0.98318348429417,6,NA,NA,NA,NA,NA,NA,NA,NA,NA,NA,NA,NA,NA,NA,NA,NA,NA,NA,NA,NA,NA,NA,NA,NA,NA,NA,NA,NA,NA,NA,NA,NA,NA,NA,NA,NA,NA,NA,NA,NA,NA,2,1,2,2,2,2,2,"2 3 4",NA,NA,2,1,2,1,NA,NA,0.574137073473317,NA,NA,NA,NA,NA,NA,NA,NA,NA,NA,NA,NA,1,2,NA,1,2,NA,NA,NA,NA,NA,NA,NA,NA,2,NA,2,0.332585219532746,2,NA,NA,NA,2,NA,2,NA,1,1,1,NA,2,2,0.998645730260264,"you see a group of people from your community standing nearby, discussing the incident","nolaba ekibinja ky abantu okuva mukitundu kyo nga bayimiridde okumpi, nga bogera ku kiguddewo",1,NA,NA,NA,NA,1,NA,0.394469601002059,"Nabakyala","man","Woman","omusajja","omukazi",1,NA,NA,1,1,2,1,2,0.410963794524093,14,NA,"Mufumbira",NA,NA,NA,NA,NA,2,1,"5",NA,"None of the was informed about it.",NA,1,1,NA,NA,NA,NA,NA,NA,NA,NA,NA,NA,NA,NA,NA,NA,NA,NA,NA,NA,NA,1,3,1,2,NA,NA,NA,NA,NA,4,NA,1,NA,2,NA,"uuid:4afbe06d-910c-45d3-a8fe-b72dbf2a5c1c",1705190627,"uuid:4afbe06d-910c-45d3-a8fe-b72dbf2a5c1c",93
"70","May 19, 2017 9:05:51 PM","May 19, 2017 12:21:28 PM","May 19, 2017 1:43:59 PM",13,NA,NA,NA,NA,1,NA,1,1,"May 19, 2017 12:30:00 PM",41601031,41601031,"Mubende",NA,NA,NA,1,1,31,NA,NA,NA,1,NA,"11",NA,NA,NA,NA,NA,NA,NA,NA,NA,7,NA,3,"1 4",NA,3,3,"Matooke",5,6,5,0.11299385771962,1,NA,2,2,2,2,2,2,1,NA,NA,NA,NA,NA,NA,NA,NA,NA,NA,NA,NA,NA,NA,NA,NA,NA,NA,NA,NA,NA,NA,NA,NA,NA,NA,NA,NA,NA,NA,NA,NA,NA,NA,NA,NA,NA,NA,NA,NA,"1 2 3",NA,NA,1,2,1,1,NA,NA,0.178025511762268,2,1,NA,2,1,NA,NA,NA,NA,NA,NA,NA,NA,NA,NA,NA,NA,NA,NA,NA,NA,NA,NA,NA,NA,2,NA,2,0.37131525563874,NA,2,NA,NA,2,NA,NA,2,2,2,1,NA,1,1,0.461460885017253,"you know that you are the only who has observed the incident","ng omanyi nti gwe weka alabye ekintu ekiguddewo",1,NA,NA,NA,NA,2,NA,0.264644516426636,"LC1","man","Woman","omusajja","omukazi",2,NA,NA,2,2,2,1,2,0.427945158273493,14,NA,"Mufumbira",NA,NA,NA,NA,NA,5,0,NA,NA,NA,NA,1,1,NA,NA,NA,NA,NA,NA,NA,NA,NA,NA,NA,NA,NA,NA,NA,NA,NA,NA,NA,1,3,2,2,NA,NA,NA,NA,NA,4,NA,1,NA,4,NA,"uuid:b4eb3330-b039-443b-807b-029ee5b1256d",1705190627,"uuid:b4eb3330-b039-443b-807b-029ee5b1256d",93
"71","May 19, 2017 9:05:55 PM","May 19, 2017 4:36:30 PM","May 19, 2017 5:45:59 PM",13,NA,NA,NA,NA,1,NA,2,2,"May 19, 2017 4:40:00 PM",NA,NA,NA,"+41601041","+41601041",4,1,1,NA,47,1,NA,1,NA,"11",NA,1,3,NA,2,NA,"17",NA,NA,1,NA,3,"1 10",NA,4,5,"Matooke",5,2,5,0.546351108942593,4,NA,NA,NA,NA,NA,NA,NA,NA,NA,NA,NA,NA,NA,NA,NA,NA,NA,NA,NA,NA,NA,NA,NA,NA,NA,2,1,2,2,2,2,2,NA,NA,NA,NA,NA,NA,NA,NA,NA,NA,NA,NA,NA,NA,NA,NA,"3 5 7",NA,NA,1,1,1,1,NA,NA,0.268097897979185,NA,NA,NA,NA,NA,NA,2,1,NA,2,2,NA,NA,NA,NA,NA,NA,NA,NA,NA,NA,NA,NA,NA,NA,2,NA,2,0.112769557600671,2,NA,NA,NA,2,NA,2,NA,1,1,1,NA,1,1,0.465784606461438,"you know that you are the only who has observed the incident","ng omanyi nti gwe weka alabye ekintu ekiguddewo",1,NA,NA,NA,NA,2,NA,0.969814495862179,"Police","man","Woman","omusajja","omukazi",1,NA,NA,1,1,1,2,1,0.103185668183411,17,NA,"Mukhonjo",9,NA,1,NA,NA,1,0,NA,NA,NA,NA,2,NA,3,NA,NA,NA,NA,NA,NA,NA,7,2,NA,NA,NA,7,NA,NA,NA,NA,NA,NA,NA,2,2,NA,NA,NA,NA,NA,3,NA,1,NA,2,NA,"uuid:bddec60f-b60f-4b9f-92bc-586ba2bd4eb4",1705190627,"uuid:bddec60f-b60f-4b9f-92bc-586ba2bd4eb4",93
"72","May 19, 2017 9:10:27 PM","May 19, 2017 9:54:14 AM","May 19, 2017 7:14:57 PM",19,NA,NA,NA,NA,1,NA,1,1,"May 19, 2017 9:57:00 AM",41613021,41613021,"Mubende",NA,NA,NA,2,1,30,NA,NA,NA,1,NA,"7",NA,NA,NA,NA,NA,NA,NA,NA,NA,12,NA,3,"7",NA,6,4,"Matooke",5,6,5,0.455942581362089,3,NA,NA,NA,NA,NA,NA,NA,NA,NA,NA,NA,NA,NA,NA,NA,NA,NA,1,1,1,1,2,1,1,NA,NA,NA,NA,NA,NA,NA,NA,NA,NA,NA,NA,NA,NA,NA,NA,NA,NA,NA,NA,NA,NA,NA,NA,"2 4 5",NA,NA,1,2,2,1,NA,NA,0.352132452970192,NA,NA,NA,NA,NA,NA,2,1,NA,2,2,NA,NA,NA,NA,NA,NA,NA,NA,NA,NA,NA,NA,NA,NA,1,1,NA,0.226275169526348,2,NA,NA,NA,1,NA,2,NA,1,1,1,NA,1,2,0.267799271118086,"you know that you are the only who has observed the incident","ng omanyi nti gwe weka alabye ekintu ekiguddewo",1,NA,NA,NA,NA,2,NA,0.377871487995537,"Nabakyala","woman","Man","omukazi","omusajja",1,NA,NA,1,1,1,2,1,0.126882781593084,1,NA,"Muganda",NA,NA,NA,NA,NA,0,NA,NA,NA,NA,NA,NA,NA,NA,NA,2,NA,NA,NA,NA,1,NA,NA,NA,NA,NA,NA,NA,NA,NA,NA,NA,2,3,1,2,NA,NA,NA,NA,NA,4,NA,1,NA,1,"No","uuid:807f5d07-180f-4180-8be4-60cec3ee584c",1705190627,"uuid:807f5d07-180f-4180-8be4-60cec3ee584c",95
"73","May 19, 2017 9:10:28 PM","May 19, 2017 3:12:07 PM","May 19, 2017 4:41:59 PM",19,NA,NA,NA,NA,1,NA,2,2,"May 19, 2017 2:21:00 PM",NA,NA,NA,"t41613051","t41613051",4,2,1,NA,36,1,NA,7,NA,"11",NA,10,NA,2,2,NA,"31",NA,NA,5,NA,3,"1 3 10",NA,4,5,"Matooke",2,6,5,0.628586530100157,4,NA,NA,NA,NA,NA,NA,NA,NA,NA,NA,NA,NA,NA,NA,NA,NA,NA,NA,NA,NA,NA,NA,NA,NA,NA,1,1,1,1,2,1,2,NA,NA,NA,NA,NA,NA,NA,NA,NA,NA,NA,NA,NA,NA,NA,NA,"1 2 5",NA,NA,1,1,1,1,NA,NA,0.849322150228499,NA,NA,NA,NA,NA,NA,NA,NA,NA,NA,NA,NA,NA,NA,NA,NA,NA,NA,1,2,NA,1,2,NA,NA,2,NA,2,0.338578622348241,NA,2,NA,NA,1,NA,NA,1,1,1,2,NA,1,2,0.558291394431739,"you see a group of people from your community standing nearby, discussing the incident","nolaba ekibinja ky abantu okuva mukitundu kyo nga bayimiridde okumpi, nga bogera ku kiguddewo",1,NA,NA,NA,NA,1,NA,0.346612851051087,"Nabakyala","woman","Man","omukazi","omusajja",2,NA,NA,1,1,2,1,2,0.124976116432844,1,NA,"Muganda",2,NA,1,NA,NA,1,0,NA,NA,NA,NA,NA,NA,NA,NA,2,NA,NA,NA,NA,1,7,3,NA,NA,NA,7,NA,NA,NA,NA,NA,NA,NA,1,2,NA,NA,NA,NA,NA,2,NA,1,NA,1,"N0","uuid:5373fb4c-780e-4659-85d6-aba8d60d2ea7",1705190627,"uuid:5373fb4c-780e-4659-85d6-aba8d60d2ea7",95
"74","May 19, 2017 9:12:18 PM","May 19, 2017 9:46:58 AM","May 19, 2017 10:42:05 AM",28,NA,NA,NA,NA,1,NA,2,2,"May 19, 2017 9:47:00 AM",NA,NA,NA,"t41613031","t41613031",4,2,2,NA,51,2,NA,1,NA,"11",NA,5,2,NA,2,NA,"37",NA,NA,1,NA,1,"7",NA,5,4,"Tooke",5,3,1,0.0568498330061179,1,NA,2,2,2,2,2,2,1,NA,NA,NA,NA,NA,NA,NA,NA,NA,NA,NA,NA,NA,NA,NA,NA,NA,NA,NA,NA,NA,NA,NA,NA,NA,NA,NA,NA,NA,NA,NA,NA,NA,NA,NA,NA,NA,NA,NA,NA,"2 3 4",NA,NA,2,1,1,1,NA,NA,0.873533895904811,NA,NA,NA,NA,NA,NA,NA,NA,NA,NA,NA,NA,NA,NA,NA,NA,NA,NA,2,1,NA,2,1,NA,NA,2,NA,1,0.939656961155826,NA,NA,1,NA,2,1,NA,NA,2,1,1,NA,1,1,0.088391454237175,"you know that you are the only who has observed the incident","ng omanyi nti gwe weka alabye ekintu ekiguddewo",2,NA,"They may think your trying to destroy their marriage",NA,NA,2,NA,0.17559756224166,"LC1","woman","Man","omukazi","omusajja",2,NA,NA,1,1,1,1,2,0.801960590900185,22,NA,"Munyarwanda",11,NA,1,NA,NA,0,NA,NA,NA,NA,NA,NA,NA,NA,NA,2,NA,NA,NA,NA,2,8,4,NA,NA,NA,NA,NA,NA,NA,NA,NA,NA,NA,1,2,NA,NA,NA,NA,NA,3,NA,1,NA,2,NA,"uuid:5764f624-da97-4888-a9f7-cb699b2e921c",1705190627,"uuid:5764f624-da97-4888-a9f7-cb699b2e921c",95
"75","May 19, 2017 9:12:21 PM","May 19, 2017 12:48:18 PM","May 19, 2017 1:56:45 PM",28,NA,NA,NA,NA,1,NA,2,2,"May 19, 2017 12:48:00 PM",NA,NA,NA,"T41613061","T41613061",4,2,1,NA,37,1,NA,7,NA,"11",NA,6,2,NA,2,NA,"37",NA,NA,12,NA,1,"1",NA,4,5,"Lumonde",1,6,4,0.865516038957181,6,NA,NA,NA,NA,NA,NA,NA,NA,NA,NA,NA,NA,NA,NA,NA,NA,NA,NA,NA,NA,NA,NA,NA,NA,NA,NA,NA,NA,NA,NA,NA,NA,NA,NA,NA,NA,NA,NA,NA,NA,NA,2,2,2,2,1,2,2,"1 2 3",NA,NA,1,2,2,1,NA,NA,0.39579318938271,NA,NA,NA,NA,NA,NA,2,1,NA,2,1,NA,NA,NA,NA,NA,NA,NA,NA,NA,NA,NA,NA,NA,NA,2,NA,2,0.558720228386657,NA,2,NA,NA,2,NA,NA,2,2,1,1,NA,1,2,0.255829022510189,"you know that you are the only who has observed the incident","ng omanyi nti gwe weka alabye ekintu ekiguddewo",2,NA,"Dont want to enter in peoples affairs",NA,NA,1,NA,0.852329617669737,"Police","woman","Man","omukazi","omusajja",2,NA,NA,2,2,2,2,2,0.351326946073865,24,NA,"Munyoro",3,NA,0,NA,NA,0,NA,NA,NA,NA,NA,NA,NA,NA,NA,2,NA,NA,NA,NA,1,8,4,NA,NA,NA,NA,NA,NA,NA,NA,NA,NA,NA,1,2,NA,NA,NA,NA,NA,2,NA,1,NA,2,NA,"uuid:07f1fbe7-a766-4d59-ac62-f0b5a649cfba",1705190627,"uuid:07f1fbe7-a766-4d59-ac62-f0b5a649cfba",95
"76","May 19, 2017 9:14:29 PM","May 19, 2017 11:18:10 AM","May 19, 2017 12:45:49 PM",24,NA,NA,NA,NA,1,NA,2,2,"May 19, 2017 11:23:00 AM",NA,NA,NA,"t41623071","t41623071",4,2,2,NA,41,2,NA,1,NA,"11",NA,18,NA,4,34,NA,"37",NA,NA,1,NA,4,"1",NA,3,8,"Lumonde",5,5,5,0.934083526765749,6,NA,NA,NA,NA,NA,NA,NA,NA,NA,NA,NA,NA,NA,NA,NA,NA,NA,NA,NA,NA,NA,NA,NA,NA,NA,NA,NA,NA,NA,NA,NA,NA,NA,NA,NA,NA,NA,NA,NA,NA,NA,2,2,2,1,2,1,2,"3 4 9",NA,NA,2,1,1,1,NA,NA,0.475434339264254,NA,NA,NA,NA,NA,NA,2,2,NA,2,1,NA,NA,NA,NA,NA,NA,NA,NA,NA,NA,NA,NA,NA,NA,1,1,NA,0.303273452469014,2,NA,NA,NA,1,NA,2,NA,2,1,1,NA,1,1,0.795789271510918,"you see a group of people from your community standing nearby, discussing the incident","nolaba ekibinja ky abantu okuva mukitundu kyo nga bayimiridde okumpi, nga bogera ku kiguddewo",1,NA,NA,NA,NA,1,NA,0.686315756780706,"Police","woman","Man","omukazi","omusajja",2,NA,NA,1,1,2,2,1,0.0680589113769405,29,NA,"Mutooro",2,NA,3,NA,NA,1,0,NA,NA,NA,NA,NA,NA,NA,NA,2,NA,NA,NA,NA,1,7,4,NA,NA,NA,6,NA,"She said they were not good movies ",NA,NA,NA,NA,NA,1,2,NA,NA,NA,NA,NA,4,NA,1,NA,1,"She was active not participated fully","uuid:a47847c1-06e0-4bf6-86b5-1c9cc7d36be1",1705190627,"uuid:a47847c1-06e0-4bf6-86b5-1c9cc7d36be1",96
"77","May 19, 2017 9:15:18 PM","May 19, 2017 10:40:18 AM","May 19, 2017 12:08:28 PM",1,NA,NA,NA,NA,1,NA,1,1,"May 19, 2017 10:44:00 AM",41003231,41003231,"Mubende",NA,NA,NA,1,2,25,NA,NA,NA,2,NA,"11",NA,NA,NA,NA,NA,NA,NA,NA,NA,1,NA,3,"5 1 7",NA,4,5,"Posho and beans ",5,6,5,0.964840412990721,6,NA,NA,NA,NA,NA,NA,NA,NA,NA,NA,NA,NA,NA,NA,NA,NA,NA,NA,NA,NA,NA,NA,NA,NA,NA,NA,NA,NA,NA,NA,NA,NA,NA,NA,NA,NA,NA,NA,NA,NA,NA,2,2,2,2,1,2,2,"1 3 4",NA,NA,2,1,1,1,NA,NA,0.062048801722315,2,1,NA,2,1,NA,NA,NA,NA,NA,NA,NA,NA,NA,NA,NA,NA,NA,NA,NA,NA,NA,NA,NA,NA,2,NA,2,0.110490435008404,2,NA,NA,NA,1,NA,2,NA,1,1,1,NA,1,2,0.59364721170385,"you see a group of people from your community standing nearby, discussing the incident","nolaba ekibinja ky abantu okuva mukitundu kyo nga bayimiridde okumpi, nga bogera ku kiguddewo",1,NA,NA,NA,NA,2,NA,0.284612755203665,"LC1","man","Woman","omusajja","omukazi",2,NA,NA,1,1,1,1,2,0.979204307967476,18,NA,"Mukiga",NA,NA,NA,NA,NA,0,NA,NA,NA,NA,NA,1,1,NA,NA,NA,NA,NA,NA,NA,NA,NA,NA,NA,NA,NA,NA,NA,NA,NA,1,"He thinks it was some NGO that sponsored  the movie screening ",1,3,1,2,NA,NA,NA,NA,NA,3,NA,1,NA,3,NA,"uuid:a4f25905-acff-4958-a7b2-e896793daa44",1705190627,"uuid:a4f25905-acff-4958-a7b2-e896793daa44",71
