"","SubmissionDate","starttime","endtime","enum","note_1","note_2","intro","audio","audio_consent","consent_text","consent","note_3","date_time","id","id_2","district","tracking","time_2","sex_q2_1","day_q2_2","age_q2_3","rel_q2_4","q2_4_oth","status_q2_5","q2_5_oth","note2_6","members_q2_6","child_q2_7","older_q2_8","younger_q2_9","q2_9err","born_q2_10","lc1_naba_vht_q2_11","q2_12err","discuss_q2_13","big_city_q2_14","kla_q2_14","vill16_q2_15","educ_q2_21","read_q2_22","read_q2_22b","lang_q2_23","q2_23_oth","other_lang_q2_24","q2_24err","q2_24_oth","tribe_q2_25","q2_25_oth","tribe1","uga_q2_22","uga_q2_22b","time_3","activity_q3_1","q3_1_oth","free_time_q3_2","q3_2err","convers_q3_3","q3_3err","time_4","news_q4_1","oly_q4_2","africa_cup_q4_3","watchTV_q4_1","mobile_q4_2","time_5","living_cond_q5_1","living_tribe_q5_2","living_tribe_q5_2b","cond_parents_q5_3","cond_children_q5_4","randomdraw1","hardwork_q5_5","hardwork_q5_6","religious_q5_7","religious_q5_8","willing_q5_9","willing_q5_10","time_6","new_ideas_q6_2a_c1","goals_q6_2","q6_2err","time_7","note7_1","achiever_q7_1","kneel_q7_3","woman_earns_q7_3","women_leaders_q7_5","time_8","note8","note_sec8","audio_sec8","note8_1","randomdraw2","action_q8_1a_1","action_q8_1b_1","action_q8_1b_2_1","action_q8_1c_1","action_q8_1d_1","action_q8_1d_2_1","action_q8_1a_2","action_q8_1b_2","action_q8_1b_2_2","action_q8_1c_2","action_q8_1d_2","action_q8_1d_2_2","action_q8_1a_3","action_q8_1b_3","action_q8_1b_2_3","action_q8_1c_3","action_q8_1d_3","action_q8_1d_2_3","action_q8_1a_4","action_q8_1b_4","action_q8_1b_2_4","action_q8_1c_4","action_q8_1d_4","action_q8_1d_2_4","note8_2","disobeys_q8_1a","disobeys_yes","disobeys_no","randomdraw3","chat_q8_1b","fin_pressure_q8_1c","no_housework_q8_1e","note8_3","disobeys_community_q8_2","housework_comm_q8_4","chat_community_q8_5","fin_press_comm_q8_6","react_q8_7","intervene_q8_9","note8_1f","time_9","note9_1","randomdraw4","citizens_q9_1a_1","citizens_q9_1a_2","randomdraw5","government_q9_1b_1","government_q9_1b_2","elders_q9_2","time_10","randomdraw6","note_10_1","time_11","robbed_police_q11_5","gov_resp_q11_2","time_12","time_13","religion_q14_1","q14_1_oth","religion_times_q14_2","pray_private_q14_4","time_14","killed_witch_q14_1","possible_kill_q14_1b","randomdraw9","time_15","randomdraw11","note15_1son","move_son_q15_3","move_daughter_q15_3","time_16","note16_1","note16_1_2","beaten_comm_q16_1","woman_beaten_q16_1b","report_q16_1c","q16_1err","report_q16_1c_oth","note16_2","once_week_q16_2","once_week_q16_2b","once_month_q16_2b","friends_fam_q16_3","note17","note17_1","dwelling_q16_1","q16_1_oth","note17_2","rooms_q16_2","walls_q16_5","q16_5_oth","floor_q16_6","q16_6_oth","light_q16_7","q16_7_oth","fuel_q16_8","q16_8_oth","time_18","note18_1","radio_q17_1","tv_q17_2","cellphone_q17_5","cellpone_internet_q17_5a","cellphone_battery_q17_5b","cellphone_unit_q17_5b_units","chair_q17_7","sofa_q17_8","motor_cycle_q17_15","time_19","films_q17_1","other_attend_q17_2","additional_movie_q19_3","planned_q19_4","audio_sec19","note_sec19","content_q17_1b","q19_3err","content_q17_1b_oth","hear_q19_4","q19_4err","hear_q19_4_oth","note_sec19_2","time_20","person_q18_1","relationship_person_q18_2","q18_2_oth","q18_2berr","note18","followup_q18_3","note20","observe_conditions_q18_4","note20_2","note21","survey_language","survey_language_oth","comments","instanceID","formdef_version","KEY","tc_id"
"1","Nov 3, 2016 7:34:24 PM","Nov 3, 2016 9:47:43 AM","Nov 3, 2016 10:37:53 AM",25,NA,NA,NA,NA,1,NA,1,NA,"Nov 3, 2016 9:47:00 AM",41240361,41240361,4,2,"2016-Nov-3 09:49:21",1,1,36,2,NA,1,NA,NA,8,5,0,7,NA,8,"11",NA,3,2,2,2,18,NA,4,17,NA,"2",NA,NA,17,NA,"Mukhonjo",NA,NA,"2016-Nov-3 09:55:45",1,NA,"1 9 10 8",NA,"5 4",NA,"2016-Nov-3 09:56:47",4,NA,NA,6,5,"2016-Nov-3 09:57:17",1,1,NA,1,1,0.970729832023109,NA,NA,NA,NA,2,1,"2016-Nov-3 09:47:43",0,"1 6 7",NA,"2016-Nov-3 10:02:39",NA,1,2,2,2,"2016-Nov-3 10:02:55",NA,NA,"media\AA_1b6f733b-c654-4d46-855c-eccafc22f9ee_note8_1.3gpp",NA,0.626281229701506,NA,NA,NA,NA,NA,NA,NA,NA,NA,NA,NA,NA,2,2,NA,1,2,NA,NA,NA,NA,NA,NA,NA,NA,2,NA,2,0.108168564198915,2,NA,NA,NA,1,NA,2,NA,2,2,NA,"2016-Nov-3 10:14:22",NA,0.451342207241706,1,NA,0.738401394794745,NA,1,1,"2016-Nov-3 10:14:27",0.633368058073708,NA,"2016-Nov-3 10:16:35",1,1,"2016-Nov-3 10:16:41","2016-Nov-3 10:29:26",9,NA,1,1,"2016-Nov-3 10:29:37",2,2,0.322136105769171,"2016-Nov-3 10:30:40",0.224603284498619,NA,1,NA,"2016-Nov-3 10:31:07",NA,NA,0,NA,NA,NA,NA,NA,2,NA,3,1,NA,NA,2,NA,NA,2,1,NA,1,NA,1,NA,3,NA,"2016-Nov-3 10:32:32",NA,2,2,1,2,4,3,1,2,2,"2016-Nov-3 10:33:11",8,4,NA,NA,NA,NA,NA,NA,NA,NA,NA,NA,NA,"2016-Nov-3 10:33:27",2,NA,NA,NA,NA,1,NA,1,NA,NA,1,NA,"He knew little luganda because of being amokonjo but he tried ","uuid:1b6f733b-c654-4d46-855c-eccafc22f9ee",1611021954,"uuid:1b6f733b-c654-4d46-855c-eccafc22f9ee",79
"2","Nov 3, 2016 7:34:30 PM","Nov 3, 2016 12:22:46 PM","Nov 3, 2016 1:07:35 PM",25,NA,NA,NA,NA,1,NA,1,NA,"Nov 3, 2016 12:23:00 PM",41240131,41240131,4,2,"2016-Nov-3 12:24:43",1,3,26,1,NA,7,NA,NA,1,NA,NA,NA,NA,0,"11",NA,3,2,1,1,5,3,NA,2,NA,"2",NA,NA,1,NA,"Muganda",2,NA,"2016-Nov-3 12:31:00",6,NA,"9 4 5 8",NA,"8",NA,"2016-Nov-3 12:32:50",5,NA,2,2,5,"2016-Nov-3 12:34:08",3,1,NA,1,2,0.635235614692676,NA,NA,3,1,NA,NA,"2016-Nov-3 12:22:47",0,"2 7 8",NA,"2016-Nov-3 12:38:18",NA,1,2,1,1,"2016-Nov-3 12:39:03",NA,NA,"media\AA_e0e80fd9-d147-4374-b911-00682968e277_note8_1.3gpp",NA,0.551877717654281,NA,NA,NA,NA,NA,NA,NA,NA,NA,NA,NA,NA,2,1,NA,1,2,NA,NA,NA,NA,NA,NA,NA,NA,2,NA,2,0.302505084206797,2,NA,NA,NA,2,NA,2,NA,1,2,NA,"2016-Nov-3 12:43:12",NA,0.850568792108042,NA,1,0.00555465319069037,2,NA,1,"2016-Nov-3 12:43:44",0.135293350409962,NA,"2016-Nov-3 12:45:28",1,1,"2016-Nov-3 12:46:26","2016-Nov-3 12:51:48",5,NA,1,1,"2016-Nov-3 12:52:00",2,2,0.145826385064205,"2016-Nov-3 12:53:21",0.568293364503556,NA,NA,1,"2016-Nov-3 12:53:54",NA,NA,0,NA,NA,NA,NA,NA,2,NA,3,1,NA,NA,2,NA,NA,2,1,NA,1,NA,4,NA,2,NA,"2016-Nov-3 12:55:09",NA,1,2,1,2,4,3,1,2,2,"2016-Nov-3 12:55:33",7,1,1,2,"media\AA_e0e80fd9-d147-4374-b911-00682968e277_note_sec19.3gpp",NA,NA,NA,NA,"7",NA,NA,NA,"2016-Nov-3 12:57:21",2,NA,NA,NA,NA,1,NA,2,NA,NA,1,NA,"Direct and precise ","uuid:e0e80fd9-d147-4374-b911-00682968e277",1611021954,"uuid:e0e80fd9-d147-4374-b911-00682968e277",79
"3","Nov 3, 2016 7:34:37 PM","Nov 3, 2016 1:31:09 PM","Nov 3, 2016 2:36:16 PM",25,NA,NA,NA,NA,1,NA,1,NA,"Nov 3, 2016 1:31:00 PM",41240141,41240141,4,2,"2016-Nov-3 13:33:24",1,2,18,3,NA,7,NA,NA,4,0,2,1,NA,0,"11",NA,3,2,2,1,10,NA,2,2,NA,"2",NA,NA,1,NA,"Muganda",2,NA,"2016-Nov-3 13:38:19",1,NA,"1 9 4 6",NA,"5 4",NA,"2016-Nov-3 13:40:51",5,1,1,6,5,"2016-Nov-3 13:41:43",2,2,NA,2,2,0.00452729372352623,3,1,NA,NA,NA,NA,"2016-Nov-3 13:31:10",0,"2 6 8",NA,"2016-Nov-3 13:45:11",NA,1,2,2,2,"2016-Nov-3 13:45:51",NA,NA,"media\AA_664f1e93-cabf-4dd6-a341-8448cf5ebf4f_note8_1.3gpp",NA,0.388403024156165,NA,NA,NA,NA,NA,NA,2,2,NA,1,2,NA,NA,NA,NA,NA,NA,NA,NA,NA,NA,NA,NA,NA,NA,1,1,NA,0.505397927077047,NA,2,NA,NA,1,NA,NA,2,1,1,NA,"2016-Nov-3 13:50:55",NA,0.816290831183839,NA,1,0.563055705281969,NA,2,1,"2016-Nov-3 13:51:00",0.172570024883577,NA,"2016-Nov-3 13:53:32",2,2,"2016-Nov-3 13:54:43","2016-Nov-3 14:00:56",3,NA,1,5,"2016-Nov-3 14:01:07",2,1,0.594529610526972,"2016-Nov-3 14:02:28",0.86832277457372,NA,NA,1,"2016-Nov-3 14:03:23",NA,NA,2,0,NA,NA,NA,NA,1,1,NA,1,NA,NA,2,NA,NA,4,1,NA,1,NA,6,NA,3,NA,"2016-Nov-3 14:04:50",NA,1,2,1,1,3,3,1,2,2,"2016-Nov-3 14:05:54",6,1,2,NA,"media\AA_664f1e93-cabf-4dd6-a341-8448cf5ebf4f_note_sec19.3gpp",NA,5,NA,NA,NA,NA,NA,NA,"2016-Nov-3 14:07:27",2,NA,NA,NA,NA,1,NA,2,NA,NA,1,NA,NA,"uuid:664f1e93-cabf-4dd6-a341-8448cf5ebf4f",1611021954,"uuid:664f1e93-cabf-4dd6-a341-8448cf5ebf4f",79
"4","Nov 3, 2016 7:35:12 PM","Nov 3, 2016 2:36:46 PM","Nov 3, 2016 3:48:27 PM",25,NA,NA,NA,NA,1,NA,1,NA,"Nov 3, 2016 2:37:00 PM",41240171,41240171,4,2,"2016-Nov-3 14:39:41",1,3,26,1,NA,1,NA,NA,5,3,0,4,NA,3,"11",NA,1,1,2,2,11,NA,2,2,NA,"2",NA,NA,1,NA,"Muganda",2,NA,"2016-Nov-3 14:47:57",12,NA,"1 9 4 8",NA,"8",NA,"2016-Nov-3 14:48:51",4,NA,NA,3,4,"2016-Nov-3 14:49:10",1,1,NA,2,2,0.322825229721143,1,1,NA,NA,NA,NA,"2016-Nov-3 14:36:47",0,"1 6 8",NA,"2016-Nov-3 14:50:59",NA,1,1,2,2,"2016-Nov-3 14:51:06",NA,NA,"media\AA_60e75012-4b08-4738-9579-0762c64d37be_note8_1.3gpp",NA,0.393168829446054,NA,NA,NA,NA,NA,NA,2,NA,NA,2,2,NA,NA,NA,NA,NA,NA,NA,NA,NA,NA,NA,NA,NA,NA,2,NA,1,0.969322851460453,NA,NA,2,NA,NA,NA,NA,NA,1,1,NA,"2016-Nov-3 14:55:34",NA,0.277029128919588,1,NA,0.409160082577112,1,NA,1,"2016-Nov-3 14:55:38",0.017915200298807,NA,"2016-Nov-3 14:55:59",1,1,"2016-Nov-3 14:56:39","2016-Nov-3 15:07:46",3,NA,1,1,"2016-Nov-3 15:08:14",2,NA,0.593513670248362,"2016-Nov-3 15:09:15",0.0636342720733838,NA,1,NA,"2016-Nov-3 15:09:35",NA,NA,0,NA,NA,NA,NA,NA,2,NA,3,1,NA,NA,2,NA,NA,2,3,NA,1,NA,1,NA,3,NA,"2016-Nov-3 15:11:04",NA,1,2,1,2,3,3,1,2,2,"2016-Nov-3 15:11:52",8,1,2,NA,"media\AA_60e75012-4b08-4738-9579-0762c64d37be_note_sec19.3gpp",NA,NA,NA,NA,"7",NA,NA,NA,"2016-Nov-3 15:12:43",2,NA,NA,NA,NA,1,NA,2,NA,NA,1,NA,"His wasn't answering questions well had some attitude towards the study though he participated but he was making rush questions ","uuid:60e75012-4b08-4738-9579-0762c64d37be",1611021954,"uuid:60e75012-4b08-4738-9579-0762c64d37be",79
"5","Nov 3, 2016 7:35:27 PM","Nov 3, 2016 9:02:43 AM","Nov 3, 2016 9:39:48 AM",17,NA,NA,NA,NA,1,NA,1,NA,"Nov 3, 2016 9:02:00 AM",41240221,41240221,4,1,"2016-Nov-3 09:03:33",1,1,27,1,NA,2,NA,NA,3,1,0,2,NA,2,"11",NA,3,1,2,1,7,2,NA,31,NA,"31 34",NA,NA,24,NA,"Munyoro",2,NA,"2016-Nov-3 09:05:57",1,NA,"9 10 5 8",NA,"7 9",NA,"2016-Nov-3 09:08:45",5,NA,3,2,5,"2016-Nov-3 09:10:16",3,1,NA,2,2,0.0845887071824617,1,1,NA,NA,NA,NA,"2016-Nov-3 09:02:44",1,"2 4 5",NA,"2016-Nov-3 09:13:15",NA,1,2,1,2,"2016-Nov-3 09:14:01",NA,NA,"media\AA_c32eb52b-e433-4649-bc1c-a54014dc125e_note8_1.3gpp",NA,0.799771074330556,NA,NA,NA,NA,NA,NA,NA,NA,NA,NA,NA,NA,NA,NA,NA,NA,NA,NA,1,1,NA,1,2,NA,NA,2,NA,1,0.970888236078278,NA,NA,2,NA,2,2,NA,NA,1,1,NA,"2016-Nov-3 09:18:51",NA,0.233285714531033,1,NA,0.822058043791076,NA,1,2,"2016-Nov-3 09:19:58",0.36093956001072,NA,"2016-Nov-3 09:22:09",2,2,"2016-Nov-3 09:23:10","2016-Nov-3 09:28:49",4,NA,1,1,"2016-Nov-3 09:29:05",2,1,0.538268807092462,"2016-Nov-3 09:29:57",0.935059125066876,NA,NA,1,"2016-Nov-3 09:30:39",NA,NA,1,0,NA,NA,NA,NA,2,NA,3,1,NA,NA,3,NA,NA,2,5,NA,7,NA,6,NA,2,NA,"2016-Nov-3 09:32:18",NA,1,2,1,2,4,3,1,2,2,"2016-Nov-3 09:32:43",6,2,2,NA,"media\AA_c32eb52b-e433-4649-bc1c-a54014dc125e_note_sec19.3gpp",NA,4,NA,NA,NA,NA,NA,NA,"2016-Nov-3 09:34:34",2,NA,NA,NA,NA,1,NA,3,NA,NA,1,NA,NA,"uuid:c32eb52b-e433-4649-bc1c-a54014dc125e",1611021954,"uuid:c32eb52b-e433-4649-bc1c-a54014dc125e",79
"6","Nov 3, 2016 7:35:47 PM","Nov 3, 2016 12:22:23 PM","Nov 3, 2016 12:59:55 PM",17,NA,NA,NA,NA,1,NA,1,NA,"Nov 3, 2016 12:22:00 PM",41240021,41240021,4,1,"2016-Nov-3 12:23:15",1,1,37,1,NA,2,NA,NA,5,3,0,4,NA,3,"11",NA,1,1,2,1,5,2,NA,2,NA,"2 31",NA,NA,24,NA,"Munyoro",2,NA,"2016-Nov-3 12:25:55",1,NA,"9 4 6 8",NA,"4",NA,"2016-Nov-3 12:28:05",5,NA,2,2,5,"2016-Nov-3 12:29:01",3,1,NA,2,2,0.735213396370591,NA,NA,NA,NA,3,3,"2016-Nov-3 12:22:24",1,"3 4 6",NA,"2016-Nov-3 12:32:23",NA,1,2,1,2,"2016-Nov-3 12:33:46",NA,NA,"media\AA_316ebfb1-edd7-4bfb-9300-e94294204e65_note8_1.3gpp",NA,0.733586728355619,NA,NA,NA,NA,NA,NA,NA,NA,NA,NA,NA,NA,2,1,NA,1,2,NA,NA,NA,NA,NA,NA,NA,NA,1,1,NA,0.665537529498938,NA,2,NA,NA,2,NA,NA,2,1,1,NA,"2016-Nov-3 12:37:21",NA,0.0576098496943288,1,NA,0.939311373607529,NA,1,1,"2016-Nov-3 12:38:03",0.184100956924306,NA,"2016-Nov-3 12:40:04",2,1,"2016-Nov-3 12:41:08","2016-Nov-3 12:46:37",4,NA,0,1,"2016-Nov-3 12:46:59",2,1,0.886317527036287,"2016-Nov-3 12:47:56",0.806061142390284,NA,NA,1,"2016-Nov-3 12:48:34",NA,NA,2,0,NA,NA,NA,NA,2,NA,1,1,NA,NA,3,NA,NA,1,5,NA,7,NA,5,NA,3,NA,"2016-Nov-3 12:49:52",NA,1,2,1,2,4,3,1,2,2,"2016-Nov-3 12:50:19",5,2,1,1,"media\AA_316ebfb1-edd7-4bfb-9300-e94294204e65_note_sec19.3gpp",NA,3,NA,NA,NA,NA,NA,NA,"2016-Nov-3 12:51:51",2,NA,NA,NA,NA,1,NA,3,NA,NA,1,NA,NA,"uuid:316ebfb1-edd7-4bfb-9300-e94294204e65",1611021954,"uuid:316ebfb1-edd7-4bfb-9300-e94294204e65",79
"7","Nov 3, 2016 7:36:10 PM","Nov 3, 2016 1:10:47 PM","Nov 3, 2016 1:51:02 PM",17,NA,NA,NA,NA,1,NA,1,NA,"Nov 3, 2016 1:11:00 PM",41240291,41240291,4,1,"2016-Nov-3 13:11:33",1,1,26,1,NA,7,NA,NA,1,NA,NA,NA,NA,1,"11",NA,3,2,1,1,5,2,NA,31,NA,"2 31",NA,NA,24,NA,"Munyoro",4,NA,"2016-Nov-3 13:14:01",7,NA,"1 10 4 8",NA,"5 1 2 3",NA,"2016-Nov-3 13:18:12",5,NA,NA,2,5,"2016-Nov-3 13:19:05",1,2,NA,1,1,0.0723339908720186,1,1,NA,NA,NA,NA,"2016-Nov-3 13:10:48",1,"4 5 6",NA,"2016-Nov-3 13:21:56",NA,1,2,1,2,"2016-Nov-3 13:22:50",NA,NA,"media\AA_9c327615-f80c-4ab8-8a05-1b5155c67c10_note8_1.3gpp",NA,0.241261008601684,2,1,NA,1,1,NA,NA,NA,NA,NA,NA,NA,NA,NA,NA,NA,NA,NA,NA,NA,NA,NA,NA,NA,NA,1,1,NA,0.360588676875887,NA,2,NA,NA,1,NA,NA,2,1,1,NA,"2016-Nov-3 13:26:39",NA,0.0898770691162138,2,NA,0.0663409277422256,1,NA,1,"2016-Nov-3 13:27:31",0.597315991297574,NA,"2016-Nov-3 13:29:48",1,1,"2016-Nov-3 13:30:32","2016-Nov-3 13:36:03",2,NA,3,1,"2016-Nov-3 13:36:20",1,NA,0.259000100192242,"2016-Nov-3 13:37:09",0.507817159610292,NA,NA,1,"2016-Nov-3 13:37:45",NA,NA,5,3,"2",NA,NA,NA,2,NA,1,1,NA,NA,2,NA,NA,2,1,NA,1,NA,5,NA,3,NA,"2016-Nov-3 13:39:33",NA,1,2,1,1,5,3,1,2,2,"2016-Nov-3 13:40:06",7,2,1,2,"media\AA_9c327615-f80c-4ab8-8a05-1b5155c67c10_note_sec19.3gpp",NA,NA,NA,NA,"6",NA,"Teaching about murder",NA,"2016-Nov-3 13:42:11",2,NA,NA,NA,NA,1,NA,3,NA,NA,1,NA,NA,"uuid:9c327615-f80c-4ab8-8a05-1b5155c67c10",1611021954,"uuid:9c327615-f80c-4ab8-8a05-1b5155c67c10",79
"8","Nov 3, 2016 7:36:27 PM","Nov 3, 2016 3:53:35 PM","Nov 3, 2016 4:35:50 PM",17,NA,NA,NA,NA,1,NA,1,NA,"Nov 3, 2016 3:53:00 PM",41240231,41240231,4,1,"2016-Nov-3 15:54:27",1,2,42,1,NA,2,NA,NA,5,3,0,4,NA,3,"11",NA,1,2,1,1,11,NA,2,2,NA,"1 2 31",NA,NA,1,NA,"Muganda",4,NA,"2016-Nov-3 15:57:40",16,NA,"9 10 4 8",NA,"7",NA,"2016-Nov-3 16:00:16",5,NA,1,6,5,"2016-Nov-3 16:00:59",3,1,NA,1,2,0.054452737601454,3,1,NA,NA,NA,NA,"2016-Nov-3 15:53:35",1,"4 7 8",NA,"2016-Nov-3 16:04:46",NA,1,2,1,1,"2016-Nov-3 16:05:31",NA,NA,"media\AA_c92cc157-9a77-47b1-a311-12d5c127c228_note8_1.3gpp",NA,0.122673983733184,2,1,NA,1,2,NA,NA,NA,NA,NA,NA,NA,NA,NA,NA,NA,NA,NA,NA,NA,NA,NA,NA,NA,NA,1,1,NA,0.993820175079572,NA,NA,2,NA,1,2,NA,NA,1,1,NA,"2016-Nov-3 16:09:34",NA,0.591318850663138,NA,1,0.334478493791773,2,NA,2,"2016-Nov-3 16:10:43",0.769611569940372,NA,"2016-Nov-3 16:12:41",2,2,"2016-Nov-3 16:13:33","2016-Nov-3 16:18:46",3,NA,1,2,"2016-Nov-3 16:19:14",1,NA,0.994853463490952,"2016-Nov-3 16:20:19",0.949296740407414,NA,NA,1,"2016-Nov-3 16:21:04",NA,NA,8,0,NA,NA,NA,NA,1,1,NA,1,NA,NA,2,NA,NA,5,5,NA,7,NA,5,NA,2,NA,"2016-Nov-3 16:22:31",NA,1,2,1,1,4,3,1,1,1,"2016-Nov-3 16:22:57",7,2,1,2,"media\AA_c92cc157-9a77-47b1-a311-12d5c127c228_note_sec19.3gpp",NA,NA,NA,NA,"5",NA,NA,NA,"2016-Nov-3 16:25:12",2,NA,NA,NA,NA,1,NA,4,NA,NA,1,NA,NA,"uuid:c92cc157-9a77-47b1-a311-12d5c127c228",1611021954,"uuid:c92cc157-9a77-47b1-a311-12d5c127c228",79
"9","Nov 3, 2016 7:36:57 PM","Nov 3, 2016 9:21:25 AM","Nov 3, 2016 4:56:19 PM",20,NA,NA,NA,NA,1,NA,1,NA,"Nov 3, 2016 9:21:00 AM",41240331,41240331,4,1,"2016-Nov-3 09:22:24",2,1,22,2,NA,2,NA,NA,3,1,1,1,NA,1,"11",NA,1,2,1,2,11,NA,2,2,NA,"2 31",NA,NA,24,NA,"Munyoro",3,NA,"2016-Nov-3 09:26:52",7,NA,"9 10 4 8",NA,"1",NA,"2016-Nov-3 09:30:30",5,NA,1,6,5,"2016-Nov-3 09:31:37",2,1,NA,NA,2,0.944631683593285,NA,NA,NA,NA,1,NA,"2016-Nov-3 09:21:26",1,"3 4 8",NA,"2016-Nov-3 09:34:36",NA,1,2,1,1,"2016-Nov-3 09:35:36",NA,NA,"media\AA_d0c5f464-996a-45b8-ae3e-3502277c110e_note8_1.3gpp",NA,0.370840122764815,NA,NA,NA,NA,NA,NA,2,2,NA,2,1,NA,NA,NA,NA,NA,NA,NA,NA,NA,NA,NA,NA,NA,NA,2,NA,1,0.223888247395143,2,NA,NA,NA,NA,NA,NA,NA,2,1,NA,"2016-Nov-3 09:41:11",NA,0.588199563865903,NA,2,0.727094721588561,NA,1,1,"2016-Nov-3 09:42:29",0.103623492401737,NA,"2016-Nov-3 09:45:57",1,2,"2016-Nov-3 09:47:01","2016-Nov-3 09:54:39",3,NA,1,2,"2016-Nov-3 09:54:55",2,1,0.0837983821416106,"2016-Nov-3 09:56:00",0.231570589276486,NA,1,NA,"2016-Nov-3 09:58:45",NA,NA,1,1,NA,NA,NA,NA,2,NA,1,2,NA,NA,3,NA,NA,2,5,NA,7,NA,5,NA,2,NA,"2016-Nov-3 10:00:57",NA,1,2,1,2,4,3,1,2,1,"2016-Nov-3 10:01:37",7,4,1,2,"media\AA_d0c5f464-996a-45b8-ae3e-3502277c110e_note_sec19.3gpp",NA,NA,NA,NA,"7",NA,NA,NA,"2016-Nov-3 10:02:46",1,2,NA,NA,NA,1,NA,4,NA,NA,1,NA,NA,"uuid:d0c5f464-996a-45b8-ae3e-3502277c110e",1611021954,"uuid:d0c5f464-996a-45b8-ae3e-3502277c110e",79
"10","Nov 3, 2016 7:37:24 PM","Nov 3, 2016 12:37:34 PM","Nov 3, 2016 1:23:16 PM",20,NA,NA,NA,NA,1,NA,1,NA,"Nov 3, 2016 12:43:00 PM",41240181,41240181,4,1,"2016-Nov-3 12:45:25",2,2,39,1,NA,5,NA,NA,4,3,0,3,NA,7,"11",NA,3,2,2,1,2,2,NA,2,NA,"2 31",NA,NA,24,NA,"Munyoro",3,NA,"2016-Nov-3 12:49:16",1,NA,"9 11 6 8",NA,"5 1 3 4 7",NA,"2016-Nov-3 12:51:44",4,NA,2,5,5,"2016-Nov-3 12:52:53",2,2,NA,2,2,0.239265592748089,1,1,NA,NA,NA,NA,"2016-Nov-3 12:37:35",1,"1 3 8",NA,"2016-Nov-3 12:55:38",NA,2,2,2,1,"2016-Nov-3 12:56:19",NA,NA,"media\AA_ba705778-cef4-4568-8cd5-2d90e6b51776_note8_1.3gpp",NA,0.785098403774237,NA,NA,NA,NA,NA,NA,NA,NA,NA,NA,NA,NA,NA,NA,NA,NA,NA,NA,1,2,NA,1,2,NA,NA,1,2,NA,0.423039724318886,NA,2,NA,NA,1,NA,NA,2,2,1,NA,"2016-Nov-3 13:00:31",NA,0.871280879517155,NA,2,0.177477382647675,2,NA,1,"2016-Nov-3 13:01:30",0.84372178837439,NA,"2016-Nov-3 13:04:52",3,1,"2016-Nov-3 13:05:48","2016-Nov-3 13:11:41",3,NA,1,2,"2016-Nov-3 13:12:03",2,1,0.846137449616949,"2016-Nov-3 13:13:38",0.687877673493607,NA,NA,1,"2016-Nov-3 13:15:12",NA,NA,0,NA,NA,NA,NA,NA,2,NA,3,2,NA,NA,2,NA,NA,4,5,NA,1,NA,5,NA,3,NA,"2016-Nov-3 13:16:59",NA,1,1,1,NA,5,3,1,2,2,"2016-Nov-3 13:17:36",7,1,1,2,"media\AA_ba705778-cef4-4568-8cd5-2d90e6b51776_note_sec19.3gpp",NA,NA,NA,NA,"7",NA,NA,NA,"2016-Nov-3 13:19:22",1,2,NA,NA,NA,1,NA,3,NA,NA,1,NA,NA,"uuid:ba705778-cef4-4568-8cd5-2d90e6b51776",1611021954,"uuid:ba705778-cef4-4568-8cd5-2d90e6b51776",79
"11","Nov 3, 2016 7:37:24 PM","Nov 3, 2016 9:24:54 AM","Nov 3, 2016 10:22:44 AM",34,NA,NA,NA,NA,1,NA,1,NA,"Nov 3, 2016 9:25:00 AM",41240341,41240341,4,1,"2016-Nov-3 09:25:47",2,2,21,2,NA,1,NA,NA,3,1,1,1,NA,1,"11",NA,3,1,1,2,13,NA,2,2,NA,"29 31",NA,NA,21,NA,"Munyankole",2,NA,"2016-Nov-3 09:29:08",1,NA,"4 11 6 8",NA,"1 7",NA,"2016-Nov-3 09:31:36",5,NA,3,6,5,"2016-Nov-3 09:33:20",3,2,NA,2,2,0.13060309590059,1,1,NA,NA,NA,NA,"2016-Nov-3 09:24:55",1,"4 5 6",NA,"2016-Nov-3 09:37:35",NA,2,2,1,1,"2016-Nov-3 09:38:35",NA,NA,"media\AA_0f30b9cc-f833-4be2-a73b-31b435a64a30_note8_1.3gpp",NA,0.371102897390492,NA,NA,NA,NA,NA,NA,2,2,NA,1,1,NA,NA,NA,NA,NA,NA,NA,NA,NA,NA,NA,NA,NA,NA,2,NA,2,0.953134568043436,NA,NA,2,NA,1,1,NA,NA,2,1,NA,"2016-Nov-3 09:44:00",NA,0.432462407239638,2,NA,0.37830481943416,2,NA,1,"2016-Nov-3 09:45:02",0.330183657689029,NA,"2016-Nov-3 09:49:28",2,2,"2016-Nov-3 09:50:43","2016-Nov-3 09:56:07",3,NA,1,1,"2016-Nov-3 09:56:25",2,1,0.341326799146357,"2016-Nov-3 09:57:51",0.561426105648673,NA,NA,1,"2016-Nov-3 09:59:06",NA,NA,0,NA,NA,NA,NA,NA,2,NA,2,1,NA,NA,3,NA,NA,1,5,NA,1,NA,3,NA,2,NA,"2016-Nov-3 10:11:06",NA,1,2,1,1,4,3,1,2,2,"2016-Nov-3 10:11:36",7,2,1,2,"media\AA_0f30b9cc-f833-4be2-a73b-31b435a64a30_note_sec19.3gpp",NA,NA,NA,NA,"6",NA,"Illuminati",NA,"2016-Nov-3 10:12:49",2,NA,NA,NA,NA,1,NA,3,NA,NA,1,NA,NA,"uuid:0f30b9cc-f833-4be2-a73b-31b435a64a30",1611021954,"uuid:0f30b9cc-f833-4be2-a73b-31b435a64a30",79
"12","Nov 3, 2016 7:37:52 PM","Nov 3, 2016 10:41:32 AM","Nov 3, 2016 11:26:43 AM",34,NA,NA,NA,NA,1,NA,1,NA,"Nov 3, 2016 10:42:00 AM",41240411,41240411,4,1,"2016-Nov-3 10:42:59",2,1,36,1,NA,3,NA,NA,4,3,0,3,NA,3,"11",NA,3,2,1,1,3,2,NA,2,NA,"37",NA,NA,24,NA,"Munyoro",3,NA,"2016-Nov-3 10:45:55",1,NA,"9 10 11 8",NA,"7",NA,"2016-Nov-3 10:48:07",4,NA,NA,6,5,"2016-Nov-3 10:49:01",1,2,NA,2,NA,0.378323406273215,NA,NA,1,3,NA,NA,"2016-Nov-3 10:41:33",1,"2 6 8",NA,"2016-Nov-3 10:53:36",NA,2,2,2,1,"2016-Nov-3 10:54:31",NA,NA,"media\AA_4f38b6bf-4200-48b0-9427-94c8b11472a7_note8_1.3gpp",NA,0.112625446281819,2,1,NA,1,2,NA,NA,NA,NA,NA,NA,NA,NA,NA,NA,NA,NA,NA,NA,NA,NA,NA,NA,NA,NA,2,NA,2,0.00668810384376373,2,NA,NA,NA,1,NA,1,NA,1,1,NA,"2016-Nov-3 10:59:18",NA,0.433653244024897,1,NA,0.433179297154289,1,NA,1,"2016-Nov-3 11:00:25",0.0994265647360981,NA,"2016-Nov-3 11:04:09",2,2,"2016-Nov-3 11:05:36","2016-Nov-3 11:12:01",5,NA,1,2,"2016-Nov-3 11:12:30",2,2,0.96404564699083,"2016-Nov-3 11:14:18",0.696164805772652,NA,NA,1,"2016-Nov-3 11:15:25",NA,NA,0,NA,NA,NA,NA,NA,2,NA,3,2,NA,NA,2,NA,NA,2,5,NA,1,NA,6,NA,3,NA,"2016-Nov-3 11:18:12",NA,2,2,1,2,7,3,1,2,2,"2016-Nov-3 11:18:39",7,3,1,2,"media\AA_4f38b6bf-4200-48b0-9427-94c8b11472a7_note_sec19.3gpp",NA,NA,NA,NA,"7",NA,NA,NA,"2016-Nov-3 11:19:36",2,NA,NA,NA,NA,1,NA,4,NA,NA,1,NA,NA,"uuid:4f38b6bf-4200-48b0-9427-94c8b11472a7",1611021954,"uuid:4f38b6bf-4200-48b0-9427-94c8b11472a7",79
"13","Nov 3, 2016 7:38:32 PM","Nov 3, 2016 1:12:59 PM","Nov 3, 2016 2:08:28 PM",34,NA,NA,NA,NA,1,NA,1,NA,"Nov 3, 2016 1:13:00 PM",41240071,41240071,4,1,"2016-Nov-3 13:14:11",2,2,22,1,NA,7,NA,NA,2,1,0,1,NA,1,"11",NA,3,2,1,1,6,2,NA,2,NA,"31",NA,NA,24,NA,"Munyoro",3,NA,"2016-Nov-3 13:17:44",1,NA,"1 9 6 8",NA,"3",NA,"2016-Nov-3 13:19:53",5,NA,NA,2,5,"2016-Nov-3 13:21:23",3,3,NA,1,2,0.743096593294287,NA,NA,NA,NA,3,1,"2016-Nov-3 13:13:00",1,"3 4 6",NA,"2016-Nov-3 13:25:32",NA,1,2,1,1,"2016-Nov-3 13:26:27",NA,NA,"media\AA_1062152f-7fac-469b-95d9-c0ff5556403c_note8_1.3gpp",NA,0.207371066443698,2,1,NA,1,2,NA,NA,NA,NA,NA,NA,NA,NA,NA,NA,NA,NA,NA,NA,NA,NA,NA,NA,NA,NA,1,1,NA,0.681763482686576,NA,NA,1,NA,2,2,NA,NA,2,1,NA,"2016-Nov-3 13:30:11",NA,0.459849958002475,2,NA,0.341743691159998,1,NA,1,"2016-Nov-3 13:31:23",0.309658063722043,NA,"2016-Nov-3 13:34:22",1,1,"2016-Nov-3 13:35:57","2016-Nov-3 13:42:34",5,NA,0,1,"2016-Nov-3 13:43:02",2,1,0.149920451142538,"2016-Nov-3 13:44:37",0.401178963633299,NA,1,NA,"2016-Nov-3 13:45:47",NA,NA,5,5,"2 3",NA,NA,NA,1,2,NA,1,NA,NA,2,NA,NA,2,5,NA,1,NA,1,NA,3,NA,"2016-Nov-3 13:51:35",NA,1,2,1,NA,7,3,1,2,2,"2016-Nov-3 13:52:00",7,3,1,2,"media\AA_1062152f-7fac-469b-95d9-c0ff5556403c_note_sec19.3gpp",NA,NA,NA,NA,"7",NA,NA,NA,"2016-Nov-3 13:53:14",2,NA,NA,NA,NA,1,NA,4,NA,NA,1,NA,NA,"uuid:1062152f-7fac-469b-95d9-c0ff5556403c",1611021954,"uuid:1062152f-7fac-469b-95d9-c0ff5556403c",79
"14","Nov 3, 2016 7:39:02 PM","Nov 3, 2016 9:09:08 AM","Nov 3, 2016 10:15:49 AM",29,NA,NA,NA,NA,1,NA,1,NA,"Nov 3, 2016 9:10:00 AM",41240261,41240261,4,1,"2016-Nov-3 09:10:53",2,3,26,2,NA,1,NA,NA,4,2,1,2,NA,2,"11",NA,2,1,1,2,10,NA,2,2,NA,"1 31",NA,NA,1,NA,"Muganda",3,NA,"2016-Nov-3 09:16:48",7,NA,"1 10 11 6",NA,"1 3 4 7",NA,"2016-Nov-3 09:21:01",5,3,2,6,5,"2016-Nov-3 09:22:20",2,2,NA,2,2,0.297475457506899,3,1,NA,NA,NA,NA,"2016-Nov-3 09:09:09",1,"2 6 8",NA,"2016-Nov-3 09:30:37",NA,2,2,1,1,"2016-Nov-3 09:32:10",NA,NA,"media\AA_bcdb0067-bfc6-4991-a7c1-e67890a81605_note8_1.3gpp",NA,0.716410197850768,NA,NA,NA,NA,NA,NA,NA,NA,NA,NA,NA,NA,2,1,NA,1,1,NA,NA,NA,NA,NA,NA,NA,NA,2,NA,1,0.398875346707497,NA,2,NA,NA,2,NA,NA,2,1,1,NA,"2016-Nov-3 09:39:30",NA,0.884681668284122,NA,2,0.0852950800074826,1,NA,1,"2016-Nov-3 09:42:14",0.559494099669261,NA,"2016-Nov-3 09:46:18",1,2,"2016-Nov-3 09:48:01","2016-Nov-3 09:57:47",9,NA,4,1,"2016-Nov-3 09:58:36",1,NA,0.929596878300081,"2016-Nov-3 10:01:03",0.324854671960512,NA,1,NA,"2016-Nov-3 10:04:29",NA,NA,3,2,"2",NA,NA,NA,1,1,NA,2,NA,NA,3,NA,NA,1,5,NA,7,NA,5,NA,2,NA,"2016-Nov-3 10:08:10",NA,1,2,1,2,3,3,1,2,2,"2016-Nov-3 10:08:47",7,2,1,2,"media\AA_bcdb0067-bfc6-4991-a7c1-e67890a81605_note_sec19.3gpp",NA,NA,NA,NA,"5",NA,NA,NA,"2016-Nov-3 10:10:24",2,NA,NA,NA,NA,1,NA,3,NA,NA,1,NA,"None","uuid:bcdb0067-bfc6-4991-a7c1-e67890a81605",1611021954,"uuid:bcdb0067-bfc6-4991-a7c1-e67890a81605",79
"15","Nov 3, 2016 7:39:09 PM","Nov 3, 2016 2:08:37 PM","Nov 3, 2016 3:23:59 PM",34,NA,NA,NA,NA,1,NA,1,NA,"Nov 3, 2016 2:08:00 PM",41240251,41240251,4,1,"2016-Nov-3 14:09:39",2,3,50,2,NA,1,NA,NA,4,1,1,2,NA,6,"11",NA,1,2,1,1,6,2,NA,2,NA,"37",NA,NA,24,NA,"Munyoro",1,NA,"2016-Nov-3 14:15:34",1,NA,"1 9 11 8",NA,"7",NA,"2016-Nov-3 14:19:38",5,NA,3,6,4,"2016-Nov-3 14:21:34",2,NA,NA,2,NA,0.521388152743176,NA,NA,1,1,NA,NA,"2016-Nov-3 14:08:38",1,"1 3 5",NA,"2016-Nov-3 14:27:50",NA,2,2,2,1,"2016-Nov-3 14:32:38",NA,NA,"media\AA_4e9a275b-d059-4fd9-949f-a328fc6025e0_note8_1.3gpp",NA,0.939912672543871,NA,NA,NA,NA,NA,NA,NA,NA,NA,NA,NA,NA,NA,NA,NA,NA,NA,NA,1,1,NA,1,2,NA,NA,2,NA,2,0.257780722544123,2,NA,NA,NA,1,NA,1,NA,2,1,NA,"2016-Nov-3 14:40:31",NA,0.0966449316043242,1,NA,0.988619133311542,NA,1,1,"2016-Nov-3 14:41:46",0.351300332660926,NA,"2016-Nov-3 14:46:14",1,1,"2016-Nov-3 14:48:02","2016-Nov-3 14:55:44",5,NA,1,1,"2016-Nov-3 14:56:13",2,NA,0.211730440809147,"2016-Nov-3 14:58:23",0.518626620443635,NA,NA,1,"2016-Nov-3 15:07:30",NA,NA,0,NA,NA,NA,NA,NA,2,NA,1,2,NA,NA,2,NA,NA,4,1,NA,1,NA,1,NA,3,NA,"2016-Nov-3 15:12:54",NA,1,2,1,2,2,3,1,1,1,"2016-Nov-3 15:14:06",7,4,1,2,"media\AA_4e9a275b-d059-4fd9-949f-a328fc6025e0_note_sec19.3gpp",NA,NA,NA,NA,"4",NA,NA,NA,"2016-Nov-3 15:15:28",2,NA,NA,NA,NA,1,NA,4,NA,NA,1,NA,NA,"uuid:4e9a275b-d059-4fd9-949f-a328fc6025e0",1611021954,"uuid:4e9a275b-d059-4fd9-949f-a328fc6025e0",79
"16","Nov 3, 2016 7:39:18 PM","Nov 3, 2016 2:19:09 PM","Nov 3, 2016 3:36:12 PM",20,NA,NA,NA,NA,1,NA,1,NA,"Nov 3, 2016 2:55:00 PM",41240011,41240011,4,1,"2016-Nov-3 14:56:36",2,1,39,2,NA,2,NA,NA,8,4,1,6,NA,7,"11",NA,3,1,1,1,4,2,NA,2,NA,"2",NA,NA,24,NA,"Munyoro",3,NA,"2016-Nov-3 15:00:34",1,NA,"10 4 11 6",NA,"1 7",NA,"2016-Nov-3 15:02:20",4,NA,NA,6,1,"2016-Nov-3 15:02:56",2,2,NA,2,2,0.45566255049076,NA,NA,1,1,NA,NA,"2016-Nov-3 14:19:09",1,"1 6 8",NA,"2016-Nov-3 15:06:51",NA,2,2,1,2,"2016-Nov-3 15:08:04",NA,NA,"media\AA_22746a7a-650b-40b7-a169-8e3ae8733ef6_note8_1.3gpp",NA,0.070189986080448,2,1,NA,2,2,NA,NA,NA,NA,NA,NA,NA,NA,NA,NA,NA,NA,NA,NA,NA,NA,NA,NA,NA,NA,1,1,NA,0.428403197585218,NA,2,NA,NA,1,NA,NA,2,1,1,NA,"2016-Nov-3 15:12:51",NA,0.685891154962877,NA,2,0.609432027975829,NA,1,1,"2016-Nov-3 15:13:54",0.170860187808871,NA,"2016-Nov-3 15:17:19",3,1,"2016-Nov-3 15:18:09","2016-Nov-3 15:22:54",5,NA,1,1,"2016-Nov-3 15:23:18",1,NA,0.0124246178133096,"2016-Nov-3 15:24:27",0.753048957216681,NA,NA,1,"2016-Nov-3 15:25:38",NA,NA,2,2,"1 2 3",NA,NA,NA,1,2,NA,1,NA,NA,2,NA,NA,4,1,NA,1,NA,1,NA,3,NA,"2016-Nov-3 15:27:53",NA,1,2,2,NA,NA,NA,1,2,1,"2016-Nov-3 15:28:09",7,2,2,NA,"media\AA_22746a7a-650b-40b7-a169-8e3ae8733ef6_note_sec19.3gpp",NA,NA,NA,NA,"5",NA,NA,NA,"2016-Nov-3 15:29:13",1,2,NA,NA,NA,1,NA,3,NA,NA,1,NA,"Phone  number  is  for  her  husband ","uuid:22746a7a-650b-40b7-a169-8e3ae8733ef6",1611021954,"uuid:22746a7a-650b-40b7-a169-8e3ae8733ef6",79
"17","Nov 3, 2016 7:39:37 PM","Nov 3, 2016 9:03:40 AM","Nov 3, 2016 9:49:43 AM",9,NA,NA,NA,NA,1,NA,1,NA,"Nov 3, 2016 9:03:00 AM",41240391,41240391,4,1,"2016-Nov-3 09:04:33",1,1,32,1,NA,1,NA,NA,4,2,0,3,NA,5,"11",NA,1,1,1,2,7,2,NA,2,NA,"20",NA,NA,23,NA,"Munyole",3,NA,"2016-Nov-3 09:07:34",1,NA,"1 9 6 8",NA,"1 3 7",NA,"2016-Nov-3 09:08:56",5,2,3,4,5,"2016-Nov-3 09:10:42",1,1,NA,1,2,0.157079394560284,1,1,NA,NA,NA,NA,"2016-Nov-3 09:03:41",1,"2 3 6",NA,"2016-Nov-3 09:13:48",NA,1,2,1,2,"2016-Nov-3 09:15:08",NA,NA,"media\AA_91f8dbb4-aceb-4d1b-834b-62b2d6899630_note8_1.3gpp",NA,0.647426188161482,NA,NA,NA,NA,NA,NA,NA,NA,NA,NA,NA,NA,2,1,NA,1,2,NA,NA,NA,NA,NA,NA,NA,NA,1,1,NA,0.00381004978010258,2,NA,NA,NA,1,NA,1,NA,2,1,NA,"2016-Nov-3 09:21:08",NA,0.0632873497555845,1,NA,0.951368160379304,NA,1,1,"2016-Nov-3 09:22:57",0.512448484881952,NA,"2016-Nov-3 09:25:12",2,2,"2016-Nov-3 09:27:55","2016-Nov-3 09:35:13",11,NA,1,4,"2016-Nov-3 09:36:16",1,NA,0.014398302174342,"2016-Nov-3 09:37:32",0.334295280256987,NA,1,NA,"2016-Nov-3 09:38:21",NA,NA,0,NA,NA,NA,NA,NA,1,1,NA,1,NA,NA,1,NA,NA,4,5,NA,7,NA,5,NA,3,NA,"2016-Nov-3 09:40:33",NA,1,1,1,2,4,3,1,1,1,"2016-Nov-3 09:40:59",6,2,1,2,"media\AA_91f8dbb4-aceb-4d1b-834b-62b2d6899630_note_sec19.3gpp",NA,3,NA,NA,NA,NA,NA,NA,"2016-Nov-3 09:44:16",1,2,NA,NA,NA,1,NA,4,NA,NA,1,NA,NA,"uuid:91f8dbb4-aceb-4d1b-834b-62b2d6899630",1611021954,"uuid:91f8dbb4-aceb-4d1b-834b-62b2d6899630",79
"18","Nov 3, 2016 7:39:54 PM","Nov 3, 2016 10:40:36 AM","Nov 3, 2016 11:34:16 AM",29,NA,NA,NA,NA,1,NA,1,NA,"Nov 3, 2016 10:41:00 AM",41240461,41240461,4,1,"2016-Nov-3 10:42:42",2,1,20,2,NA,2,NA,NA,4,2,1,2,NA,2,"8",NA,4,1,1,2,6,2,NA,2,NA,"34",NA,NA,29,NA,"Mutooro",3,NA,"2016-Nov-3 10:46:43",1,NA,"1 9 6 8",NA,"1 3",NA,"2016-Nov-3 10:50:01",5,3,NA,6,4,"2016-Nov-3 10:51:43",3,3,NA,2,2,0.21709430860935,1,1,NA,NA,NA,NA,"2016-Nov-3 10:40:36",1,"1 2 6",NA,"2016-Nov-3 10:55:27",NA,2,2,2,1,"2016-Nov-3 10:56:46",NA,NA,"media\AA_28164edf-ec20-41a0-9b4d-6a1cfa3a7ebf_note8_1.3gpp",NA,0.304814833575894,NA,NA,NA,NA,NA,NA,1,2,NA,1,2,NA,NA,NA,NA,NA,NA,NA,NA,NA,NA,NA,NA,NA,NA,1,1,NA,0.531594432745568,NA,2,NA,NA,1,NA,NA,2,1,1,NA,"2016-Nov-3 11:02:41",NA,0.354897393608671,1,NA,0.0759718447801717,1,NA,2,"2016-Nov-3 11:04:46",0.779154656152933,NA,"2016-Nov-3 11:07:31",1,1,"2016-Nov-3 11:08:49","2016-Nov-3 11:15:47",3,NA,2,1,"2016-Nov-3 11:16:21",2,1,0.688223824781919,"2016-Nov-3 11:18:44",0.134818376387019,NA,1,NA,"2016-Nov-3 11:21:24",NA,NA,1,1,"2 3",NA,NA,NA,2,NA,2,1,NA,NA,2,NA,NA,4,1,NA,1,NA,1,NA,3,NA,"2016-Nov-3 11:24:07",NA,1,2,2,NA,NA,NA,1,2,2,"2016-Nov-3 11:24:23",7,1,1,2,"media\AA_28164edf-ec20-41a0-9b4d-6a1cfa3a7ebf_note_sec19.3gpp",NA,NA,NA,NA,"7",NA,NA,NA,"2016-Nov-3 11:25:41",1,2,NA,NA,NA,1,NA,3,NA,NA,1,NA,"None","uuid:28164edf-ec20-41a0-9b4d-6a1cfa3a7ebf",1611021954,"uuid:28164edf-ec20-41a0-9b4d-6a1cfa3a7ebf",79
"19","Nov 3, 2016 7:40:53 PM","Nov 3, 2016 9:59:43 AM","Nov 3, 2016 10:43:29 AM",9,NA,NA,NA,NA,2,NA,1,NA,"Nov 3, 2016 10:00:00 AM",41240481,41240481,4,1,"2016-Nov-3 10:00:47",1,2,49,1,NA,6,NA,NA,1,NA,NA,NA,NA,2,"11",NA,1,1,1,2,3,1,NA,2,NA,"20 31",NA,NA,1,NA,"Muganda",3,NA,"2016-Nov-3 10:04:29",1,NA,"1 9 10 8",NA,"5",NA,"2016-Nov-3 10:05:58",5,3,3,6,1,"2016-Nov-3 10:06:31",1,1,NA,NA,2,0.683017047829036,NA,NA,NA,NA,3,1,"2016-Nov-3 09:59:44",0,"1 3 8",NA,"2016-Nov-3 10:09:36",NA,2,2,1,1,"2016-Nov-3 10:11:59",NA,NA,NA,NA,0.553622842952972,NA,NA,NA,NA,NA,NA,NA,NA,NA,NA,NA,NA,2,1,NA,1,2,NA,NA,NA,NA,NA,NA,NA,NA,2,NA,2,0.172064091386804,2,NA,NA,NA,2,NA,2,NA,1,1,NA,"2016-Nov-3 10:15:36",NA,0.477566821877004,1,NA,0.480094578028871,1,NA,1,"2016-Nov-3 10:16:41",0.948117168577608,NA,"2016-Nov-3 10:18:22",2,2,"2016-Nov-3 10:20:53","2016-Nov-3 10:25:44",3,NA,1,9,"2016-Nov-3 10:26:34",2,1,0.95188395393291,"2016-Nov-3 10:29:04",0.390496085428912,NA,1,NA,"2016-Nov-3 10:30:40",NA,NA,3,0,NA,NA,NA,NA,2,NA,3,1,NA,NA,2,NA,NA,3,1,NA,2,NA,6,NA,3,NA,"2016-Nov-3 10:33:04",NA,1,2,2,NA,NA,NA,1,2,2,"2016-Nov-3 10:33:16",7,4,2,NA,NA,NA,NA,NA,NA,"7",NA,NA,NA,"2016-Nov-3 10:34:19",2,NA,NA,NA,NA,1,NA,2,NA,NA,1,NA,NA,"uuid:a1fd67c5-99be-4383-aa78-bbcc7e927676",1611021954,"uuid:a1fd67c5-99be-4383-aa78-bbcc7e927676",79
"20","Nov 3, 2016 7:41:27 PM","Nov 3, 2016 12:13:20 PM","Nov 3, 2016 1:08:55 PM",29,NA,NA,NA,NA,2,NA,1,NA,"Nov 3, 2016 12:13:00 PM",41240421,41240421,4,1,"2016-Nov-3 12:14:33",2,3,42,2,NA,2,NA,NA,13,7,0,12,NA,7,"2",NA,1,1,1,2,15,NA,2,2,NA,"37",NA,NA,1,NA,"Muganda",3,NA,"2016-Nov-3 12:18:42",1,NA,"9 11 6 8",NA,"5 1",NA,"2016-Nov-3 12:22:44",5,3,NA,6,5,"2016-Nov-3 12:24:10",3,3,NA,2,2,0.0877195347122142,1,1,NA,NA,NA,NA,"2016-Nov-3 12:13:20",1,"1 3 8",NA,"2016-Nov-3 12:30:23",NA,2,2,2,1,"2016-Nov-3 12:31:50",NA,NA,NA,NA,0.470328590715788,NA,NA,NA,NA,NA,NA,2,1,NA,1,1,NA,NA,NA,NA,NA,NA,NA,NA,NA,NA,NA,NA,NA,NA,1,1,NA,0.905759726913492,NA,NA,2,NA,1,1,NA,NA,1,1,NA,"2016-Nov-3 12:37:01",NA,0.00951131265399852,2,NA,0.288527308902044,1,NA,1,"2016-Nov-3 12:38:53",0.845919557019245,NA,"2016-Nov-3 12:45:03",3,1,"2016-Nov-3 12:46:57","2016-Nov-3 12:52:55",17,"Mukiriza eyobumu",1,1,"2016-Nov-3 12:53:57",1,NA,0.785537333482849,"2016-Nov-3 12:56:26",0.648444307461504,NA,NA,1,"2016-Nov-3 12:57:56",NA,NA,0,NA,NA,NA,NA,NA,2,NA,2,1,NA,NA,3,NA,NA,2,3,NA,1,NA,1,NA,3,NA,"2016-Nov-3 13:01:02",NA,1,1,1,2,2,3,1,2,2,"2016-Nov-3 13:01:43",7,4,2,NA,NA,NA,NA,NA,NA,"7",NA,NA,NA,"2016-Nov-3 13:01:57",2,NA,NA,NA,NA,1,NA,3,NA,NA,1,NA,"None","uuid:cba38720-a78b-415c-8e5a-7e294fbf27a2",1611021954,"uuid:cba38720-a78b-415c-8e5a-7e294fbf27a2",79
"21","Nov 3, 2016 7:41:30 PM","Nov 3, 2016 9:40:09 AM","Nov 3, 2016 10:20:42 AM",31,NA,NA,NA,NA,1,NA,1,NA,"Nov 3, 2016 9:30:00 AM",41240041,41240041,4,1,"2016-Nov-3 09:41:25",2,3,23,2,NA,2,NA,NA,4,1,1,2,NA,1,"11",NA,1,1,1,2,9,NA,2,2,NA,"37",NA,NA,24,NA,"Munyoro",1,NA,"2016-Nov-3 09:45:21",7,NA,"1 10 6 8",NA,"3",NA,"2016-Nov-3 09:48:11",5,NA,NA,2,1,"2016-Nov-3 09:50:01",2,3,NA,2,2,0.857863063108146,NA,NA,NA,NA,3,1,"2016-Nov-3 09:40:10",0,"2 5 6",NA,"2016-Nov-3 09:54:21",NA,2,2,1,1,"2016-Nov-3 09:55:55",NA,NA,"media\AA_645a3307-f3f1-4558-a33a-b6a332609661_note8_1.3gpp",NA,0.360425142827992,NA,NA,NA,NA,NA,NA,2,1,NA,1,1,NA,NA,NA,NA,NA,NA,NA,NA,NA,NA,NA,NA,NA,NA,2,NA,2,0.856330424210032,NA,NA,2,NA,1,1,NA,NA,1,1,NA,"2016-Nov-3 10:00:51",NA,0.393773682359744,1,NA,0.580638549073898,NA,2,1,"2016-Nov-3 10:02:06",0.396557056045857,NA,"2016-Nov-3 10:04:22",3,2,"2016-Nov-3 10:05:50","2016-Nov-3 10:11:16",5,NA,1,2,"2016-Nov-3 10:11:38",2,1,0.893077584253137,"2016-Nov-3 10:13:12",0.00194801841106873,NA,1,NA,"2016-Nov-3 10:14:29",NA,NA,5,0,NA,NA,NA,NA,1,1,NA,1,NA,NA,2,NA,NA,3,1,NA,1,NA,5,NA,2,NA,"2016-Nov-3 10:16:03",NA,1,2,2,NA,NA,NA,1,2,1,"2016-Nov-3 10:16:21",8,NA,NA,NA,NA,NA,NA,NA,NA,NA,NA,NA,NA,"2016-Nov-3 10:16:41",2,NA,NA,NA,NA,1,NA,4,NA,NA,1,NA,NA,"uuid:645a3307-f3f1-4558-a33a-b6a332609661",1611021954,"uuid:645a3307-f3f1-4558-a33a-b6a332609661",79
"22","Nov 3, 2016 7:42:25 PM","Nov 3, 2016 11:10:30 AM","Nov 3, 2016 11:49:07 AM",9,NA,NA,NA,NA,2,NA,1,NA,"Nov 3, 2016 11:11:00 AM",41240471,41240471,4,1,"2016-Nov-3 11:11:41",1,3,21,1,NA,3,NA,NA,1,NA,NA,NA,NA,1,"11",NA,1,1,1,2,8,NA,2,2,NA,"20 22",NA,NA,23,NA,"Munyole",3,NA,"2016-Nov-3 11:14:48",1,NA,"4 5 6 8",NA,"5 2 7",NA,"2016-Nov-3 11:15:49",5,3,1,3,5,"2016-Nov-3 11:17:01",2,1,NA,NA,2,0.0268770929217651,1,1,NA,NA,NA,NA,"2016-Nov-3 11:10:31",1,"3 4 6",NA,"2016-Nov-3 11:19:43",NA,2,2,1,2,"2016-Nov-3 11:20:45",NA,NA,NA,NA,0.329969891850046,NA,NA,NA,NA,NA,NA,2,1,NA,2,2,NA,NA,NA,NA,NA,NA,NA,NA,NA,NA,NA,NA,NA,NA,2,NA,2,0.468501304720158,NA,2,NA,NA,1,NA,NA,2,1,1,NA,"2016-Nov-3 11:23:48",NA,0.762867513731124,NA,2,0.902121120538345,NA,2,2,"2016-Nov-3 11:24:44",0.829151482614986,NA,"2016-Nov-3 11:26:58",2,2,"2016-Nov-3 11:28:32","2016-Nov-3 11:34:40",3,NA,1,4,"2016-Nov-3 11:35:02",1,NA,0.174147469469037,"2016-Nov-3 11:36:44",0.984449936214186,NA,NA,1,"2016-Nov-3 11:38:04",NA,NA,1,0,NA,NA,NA,NA,2,NA,3,1,NA,NA,3,NA,NA,1,3,NA,7,NA,3,NA,2,NA,"2016-Nov-3 11:40:10",NA,1,2,1,1,7,3,1,2,2,"2016-Nov-3 11:40:46",7,2,2,NA,NA,NA,NA,NA,NA,"7",NA,NA,NA,"2016-Nov-3 11:42:30",2,NA,NA,NA,NA,1,NA,2,NA,NA,1,NA,NA,"uuid:bd9dcc02-171d-4300-9122-628289295dde",1611021954,"uuid:bd9dcc02-171d-4300-9122-628289295dde",79
"23","Nov 3, 2016 7:42:36 PM","Nov 3, 2016 1:34:18 PM","Nov 3, 2016 2:41:26 PM",29,NA,NA,NA,NA,1,NA,1,NA,"Nov 3, 2016 1:34:00 PM",41240121,41240121,4,1,"2016-Nov-3 13:35:44",2,1,35,2,NA,2,NA,NA,4,2,1,2,NA,6,"8",NA,3,1,1,2,4,1,NA,2,NA,"3 31",NA,NA,24,NA,"Munyoro",3,NA,"2016-Nov-3 13:40:17",1,NA,"1 11 6 8",NA,"1 7",NA,"2016-Nov-3 13:43:55",5,3,NA,4,4,"2016-Nov-3 13:46:07",3,1,NA,1,2,0.146350787023339,1,1,NA,NA,NA,NA,"2016-Nov-3 13:34:19",1,"3 4 6",NA,"2016-Nov-3 13:53:41",NA,2,2,1,2,"2016-Nov-3 13:55:29",NA,NA,"media\AA_e67cb07c-e2f5-48c6-bf9e-caabf198f674_note8_1.3gpp",NA,0.57822329969889,NA,NA,NA,NA,NA,NA,NA,NA,NA,NA,NA,NA,1,2,NA,1,2,NA,NA,NA,NA,NA,NA,NA,NA,2,NA,1,0.307542076797014,2,NA,NA,NA,1,NA,1,NA,1,1,NA,"2016-Nov-3 14:06:02",NA,0.184314211774757,2,NA,0.824150275121981,NA,2,1,"2016-Nov-3 14:07:34",0.212783718498801,NA,"2016-Nov-3 14:13:51",3,2,"2016-Nov-3 14:16:50","2016-Nov-3 14:29:21",5,NA,1,1,"2016-Nov-3 14:30:07",2,1,0.0975782596922816,"2016-Nov-3 14:32:51",0.740554824759597,NA,NA,1,"2016-Nov-3 14:35:03",NA,NA,1,0,NA,NA,NA,NA,2,NA,1,1,NA,NA,3,NA,NA,2,5,NA,1,NA,1,NA,3,NA,"2016-Nov-3 14:38:13",NA,1,2,2,NA,NA,NA,1,2,1,"2016-Nov-3 14:38:29",8,NA,NA,NA,NA,NA,NA,NA,NA,NA,NA,NA,NA,"2016-Nov-3 14:39:06",1,2,NA,NA,NA,1,NA,3,NA,NA,1,NA,"None","uuid:e67cb07c-e2f5-48c6-bf9e-caabf198f674",1611021954,"uuid:e67cb07c-e2f5-48c6-bf9e-caabf198f674",79
"24","Nov 3, 2016 7:42:41 PM","Nov 3, 2016 10:21:31 AM","Nov 3, 2016 11:36:37 AM",31,NA,NA,NA,NA,1,NA,1,NA,"Nov 3, 2016 10:50:00 AM",41240241,41240241,4,1,"2016-Nov-3 10:59:28",2,3,24,2,NA,1,NA,NA,2,0,1,0,NA,0,"11",NA,1,1,1,1,5,2,NA,2,NA,"37",NA,NA,24,NA,"Munyoro",1,NA,"2016-Nov-3 11:02:17",1,NA,"1 9 10 8",NA,"1",NA,"2016-Nov-3 11:05:16",4,NA,NA,6,3,"2016-Nov-3 11:07:04",2,3,NA,1,2,0.826572835333567,NA,NA,NA,NA,2,3,"2016-Nov-3 10:21:32",1,"2 3 4",NA,"2016-Nov-3 11:11:35",NA,1,2,2,2,"2016-Nov-3 11:12:48",NA,NA,"media\AA_34f67685-e02e-49a8-93d1-9a7f65a6f7af_note8_1.3gpp",NA,0.527259301886306,NA,NA,NA,NA,NA,NA,NA,NA,NA,NA,NA,NA,2,1,NA,1,2,NA,NA,NA,NA,NA,NA,NA,NA,2,NA,2,0.629001976875073,NA,2,NA,NA,2,NA,NA,2,1,1,NA,"2016-Nov-3 11:17:15",NA,0.157586826738449,1,NA,0.483202716905759,1,NA,2,"2016-Nov-3 11:18:02",0.419938918974976,NA,"2016-Nov-3 11:20:28",2,1,"2016-Nov-3 11:22:15","2016-Nov-3 11:28:33",9,NA,3,1,"2016-Nov-3 11:29:13",2,1,0.167654061595077,"2016-Nov-3 11:30:04",0.198625056445333,NA,1,NA,"2016-Nov-3 11:31:18",NA,NA,2,0,NA,NA,NA,NA,2,NA,3,2,NA,NA,3,NA,NA,1,3,NA,7,NA,6,NA,2,NA,"2016-Nov-3 11:33:19",NA,1,2,2,NA,NA,NA,1,2,2,"2016-Nov-3 11:33:34",8,NA,NA,NA,NA,NA,NA,NA,NA,NA,NA,NA,NA,"2016-Nov-3 11:33:53",2,NA,NA,NA,NA,1,NA,3,NA,NA,1,NA,NA,"uuid:34f67685-e02e-49a8-93d1-9a7f65a6f7af",1611021954,"uuid:34f67685-e02e-49a8-93d1-9a7f65a6f7af",79
"25","Nov 3, 2016 7:43:26 PM","Nov 3, 2016 11:36:44 AM","Nov 3, 2016 2:32:26 PM",31,NA,NA,NA,NA,1,NA,1,NA,"Nov 3, 2016 1:30:00 PM",41240161,41240161,4,1,"2016-Nov-3 13:46:30",2,1,25,2,NA,2,NA,NA,4,2,1,2,NA,2,"11",NA,1,1,1,1,5,2,NA,2,NA,"37",NA,NA,24,NA,"Munyoro",1,NA,"2016-Nov-3 13:48:45",1,NA,"1 10 4 6",NA,"1",NA,"2016-Nov-3 13:51:29",5,NA,NA,2,5,"2016-Nov-3 13:52:32",3,3,NA,2,NA,0.33424446437246,NA,NA,3,1,NA,NA,"2016-Nov-3 11:36:45",0,"1 2 6",NA,"2016-Nov-3 13:57:52",NA,1,2,1,1,"2016-Nov-3 13:59:11",NA,NA,"media\AA_cbd7559f-a84f-4e24-8658-0302b707ea4d_note8_1.3gpp",NA,0.747463457928761,NA,NA,NA,NA,NA,NA,NA,NA,NA,NA,NA,NA,2,1,NA,2,2,NA,NA,NA,NA,NA,NA,NA,NA,2,NA,2,0.252203770157186,2,NA,NA,NA,1,NA,1,NA,2,1,NA,"2016-Nov-3 14:08:14",NA,0.827326876583724,NA,2,0.71488624469522,NA,1,1,"2016-Nov-3 14:08:32",0.181624795338078,NA,"2016-Nov-3 14:11:12",1,2,"2016-Nov-3 14:12:06","2016-Nov-3 14:17:44",3,NA,0,2,"2016-Nov-3 14:18:20",2,1,0.293276318645912,"2016-Nov-3 14:20:35",0.0559757101738803,NA,1,NA,"2016-Nov-3 14:20:39",NA,NA,2,0,NA,NA,NA,NA,1,1,NA,1,NA,NA,2,NA,NA,3,1,NA,1,NA,1,NA,3,NA,"2016-Nov-3 14:24:08",NA,1,2,1,2,7,3,1,2,2,"2016-Nov-3 14:24:33",6,2,1,1,"media\AA_cbd7559f-a84f-4e24-8658-0302b707ea4d_note_sec19.3gpp",NA,4,NA,NA,NA,NA,NA,NA,"2016-Nov-3 14:26:36",2,NA,NA,NA,NA,1,NA,3,NA,NA,1,NA,NA,"uuid:cbd7559f-a84f-4e24-8658-0302b707ea4d",1611021954,"uuid:cbd7559f-a84f-4e24-8658-0302b707ea4d",79
"26","Nov 3, 2016 7:43:31 PM","Nov 3, 2016 9:00:25 AM","Nov 3, 2016 10:10:07 AM",1,NA,NA,NA,NA,1,NA,1,NA,"Nov 3, 2016 9:00:00 AM",41240051,41240051,4,1,"2016-Nov-3 09:01:47",1,1,45,1,NA,1,NA,NA,9,3,0,8,NA,7,"11",NA,2,1,1,1,8,NA,2,2,NA,"31",NA,NA,24,NA,"Munyoro",2,NA,"2016-Nov-3 09:11:46",1,NA,"1 9 6 8",NA,"5 1",NA,"2016-Nov-3 09:14:27",5,NA,NA,3,5,"2016-Nov-3 09:15:09",2,3,NA,2,2,0.444520140456117,NA,NA,3,2,NA,NA,"2016-Nov-3 09:00:25",0,"4 6 8",NA,"2016-Nov-3 09:17:10",NA,1,2,1,2,"2016-Nov-3 09:19:25",NA,NA,"media\AA_4fda4f9c-1be9-4590-a9d7-d5efa52f0a2a_note8_1.3gpp",NA,0.602099028940766,NA,NA,NA,NA,NA,NA,NA,NA,NA,NA,NA,NA,2,1,NA,1,2,NA,NA,NA,NA,NA,NA,NA,NA,2,NA,2,0.28102717509479,2,NA,NA,NA,2,NA,1,NA,2,1,NA,"2016-Nov-3 09:30:43",NA,0.922060937474892,NA,1,0.980439825249582,NA,2,1,"2016-Nov-3 09:31:08",0.443106008918923,NA,"2016-Nov-3 09:34:27",2,1,"2016-Nov-3 09:35:37","2016-Nov-3 09:49:59",5,NA,0,1,"2016-Nov-3 09:51:18",2,2,0.505434277685236,"2016-Nov-3 09:52:38",0.905232857278706,NA,NA,1,"2016-Nov-3 09:53:57",NA,NA,0,NA,NA,NA,NA,NA,2,NA,3,1,NA,NA,1,NA,NA,11,3,NA,7,NA,5,NA,3,NA,"2016-Nov-3 09:57:11",NA,1,1,1,2,4,3,1,1,1,"2016-Nov-3 09:58:07",8,NA,NA,NA,NA,NA,NA,NA,NA,NA,NA,NA,NA,"2016-Nov-3 09:58:37",2,NA,NA,NA,NA,1,NA,4,NA,NA,1,NA,NA,"uuid:4fda4f9c-1be9-4590-a9d7-d5efa52f0a2a",1611021954,"uuid:4fda4f9c-1be9-4590-a9d7-d5efa52f0a2a",79
"27","Nov 3, 2016 7:43:37 PM","Nov 3, 2016 3:37:01 PM","Nov 3, 2016 4:52:24 PM",29,NA,NA,NA,NA,1,NA,1,NA,"Nov 3, 2016 3:37:00 PM",41240191,41240191,4,1,"2016-Nov-3 15:38:12",2,1,28,1,NA,5,NA,NA,3,2,0,2,NA,4,"2",NA,3,1,1,2,3,1,NA,2,NA,"31",NA,NA,24,NA,"Munyoro",3,NA,"2016-Nov-3 15:43:51",1,NA,"9 11 8",NA,"8",NA,"2016-Nov-3 15:49:56",4,3,NA,6,5,"2016-Nov-3 15:52:19",3,2,NA,1,1,0.465265231606592,NA,NA,2,2,NA,NA,"2016-Nov-3 15:37:02",1,"2 6 8",NA,"2016-Nov-3 16:00:13",NA,2,2,2,1,"2016-Nov-3 16:02:38",NA,NA,"media\AA_869a92b5-df27-403b-924c-78c875c88fcb_note8_1.3gpp",NA,0.44093797593359,NA,NA,NA,NA,NA,NA,2,2,NA,2,1,NA,NA,NA,NA,NA,NA,NA,NA,NA,NA,NA,NA,NA,NA,2,NA,1,0.193019655947657,2,NA,NA,NA,2,NA,2,NA,1,1,NA,"2016-Nov-3 16:13:02",NA,0.653701049581303,NA,1,0.197139500652461,1,NA,1,"2016-Nov-3 16:15:22",0.252366871527956,NA,"2016-Nov-3 16:20:31",3,1,"2016-Nov-3 16:22:17","2016-Nov-3 16:32:44",11,NA,2,5,"2016-Nov-3 16:34:47",2,1,0.518924517066311,"2016-Nov-3 16:37:09",0.559699669232196,NA,NA,2,"2016-Nov-3 16:38:51",NA,NA,0,NA,NA,NA,NA,NA,2,NA,2,1,NA,NA,3,NA,NA,3,5,NA,1,NA,5,NA,3,NA,"2016-Nov-3 16:40:47",NA,2,2,1,2,7,3,1,2,2,"2016-Nov-3 16:41:48",7,3,1,2,"media\AA_869a92b5-df27-403b-924c-78c875c88fcb_note_sec19.3gpp",NA,NA,NA,NA,"6",NA,"Illuminate",NA,"2016-Nov-3 16:43:27",1,2,NA,NA,NA,1,NA,3,NA,NA,1,NA,"Respondent was so slow in responding to the questions","uuid:869a92b5-df27-403b-924c-78c875c88fcb",1611021954,"uuid:869a92b5-df27-403b-924c-78c875c88fcb",79
"28","Nov 3, 2016 7:43:53 PM","Nov 3, 2016 4:43:52 PM","Nov 3, 2016 5:30:04 PM",31,NA,NA,NA,NA,1,NA,1,NA,"Nov 3, 2016 4:20:00 PM",41240101,41240101,4,1,"2016-Nov-3 16:45:03",2,2,40,2,NA,2,NA,NA,7,3,1,5,NA,8,"11",NA,3,2,1,1,7,2,NA,2,NA,"37",NA,NA,1,NA,"Muganda",3,NA,"2016-Nov-3 16:47:48",1,NA,"1 10 11 6",NA,"1",NA,"2016-Nov-3 16:52:34",4,NA,NA,6,3,"2016-Nov-3 16:53:32",3,3,NA,2,2,0.789281190102308,NA,NA,NA,NA,3,1,"2016-Nov-3 16:43:53",0,"3 6 8",NA,"2016-Nov-3 17:00:24",NA,1,2,2,1,"2016-Nov-3 17:01:47",NA,NA,"media\AA_7914d70e-91b7-4d42-95c9-a7ef4a527fa6_note8_1.3gpp",NA,0.716228681192977,NA,NA,NA,NA,NA,NA,NA,NA,NA,NA,NA,NA,2,2,NA,2,1,NA,NA,NA,NA,NA,NA,NA,NA,1,1,NA,0.157943131653224,2,NA,NA,NA,2,NA,2,NA,1,1,NA,"2016-Nov-3 17:08:27",NA,0.324282620309868,1,NA,0.173240433435856,1,NA,1,"2016-Nov-3 17:10:27",0.890860971606367,NA,"2016-Nov-3 17:13:18",2,1,"2016-Nov-3 17:14:22","2016-Nov-3 17:20:41",5,NA,1,2,"2016-Nov-3 17:21:02",2,1,0.448341794469831,"2016-Nov-3 17:22:33",0.62811489875803,NA,NA,1,"2016-Nov-3 17:24:03",NA,NA,4,1,"4",NA,NA,NA,2,NA,3,1,NA,NA,3,NA,NA,6,1,NA,1,NA,1,NA,3,NA,"2016-Nov-3 17:26:26",NA,1,2,2,NA,NA,NA,2,2,2,"2016-Nov-3 17:26:42",7,4,2,NA,"media\AA_7914d70e-91b7-4d42-95c9-a7ef4a527fa6_note_sec19.3gpp",NA,NA,NA,NA,"7",NA,NA,NA,"2016-Nov-3 17:28:12",2,NA,NA,NA,NA,1,NA,3,NA,NA,1,NA,NA,"uuid:7914d70e-91b7-4d42-95c9-a7ef4a527fa6",1611021954,"uuid:7914d70e-91b7-4d42-95c9-a7ef4a527fa6",79
"29","Nov 3, 2016 7:44:04 PM","Nov 3, 2016 11:39:22 AM","Nov 3, 2016 12:53:42 PM",40,NA,NA,NA,NA,1,NA,1,NA,"Nov 3, 2016 11:39:00 AM",41240091,41240091,4,1,"2016-Nov-3 11:39:55",2,1,26,2,NA,2,NA,NA,5,3,1,3,NA,1,"11",NA,3,1,1,2,7,2,NA,2,NA,"31",NA,NA,24,NA,"Munyoro",1,NA,"2016-Nov-3 11:43:42",1,NA,"1 10 4 11",NA,"8",NA,"2016-Nov-3 11:44:55",5,3,NA,6,5,"2016-Nov-3 11:45:48",1,1,NA,1,2,0.387132793283571,NA,NA,1,1,NA,NA,"2016-Nov-3 11:39:23",1,"1 6 8",NA,"2016-Nov-3 11:48:24",NA,1,2,1,1,"2016-Nov-3 11:49:19",NA,NA,"media\AA_bc3f9932-1a95-4b76-a576-cc42b89d2304_note8_1.3gpp",NA,0.153316316431338,2,2,NA,2,2,NA,NA,NA,NA,NA,NA,NA,NA,NA,NA,NA,NA,NA,NA,NA,NA,NA,NA,NA,NA,1,1,NA,0.508692137739818,NA,1,NA,NA,2,NA,NA,1,1,1,NA,"2016-Nov-3 11:53:23",NA,0.406880229933318,2,NA,0.502833204964532,NA,1,1,"2016-Nov-3 11:54:58",0.812168539053169,NA,"2016-Nov-3 11:57:57",3,2,"2016-Nov-3 11:59:22","2016-Nov-3 12:05:14",4,NA,1,1,"2016-Nov-3 12:05:37",2,1,0.607560176855244,"2016-Nov-3 12:07:08",0.635698609249618,NA,NA,1,"2016-Nov-3 12:08:13",NA,NA,0,NA,NA,NA,NA,NA,2,NA,3,2,NA,NA,2,NA,NA,4,7,NA,1,NA,1,NA,3,NA,"2016-Nov-3 12:10:56",NA,1,1,1,2,7,3,1,2,2,"2016-Nov-3 12:11:37",7,4,1,2,"media\AA_bc3f9932-1a95-4b76-a576-cc42b89d2304_note_sec19.3gpp",NA,NA,NA,NA,"7",NA,NA,NA,"2016-Nov-3 12:13:33",2,NA,NA,NA,NA,1,NA,6,NA,NA,1,NA,NA,"uuid:bc3f9932-1a95-4b76-a576-cc42b89d2304",1611021954,"uuid:bc3f9932-1a95-4b76-a576-cc42b89d2304",79
"30","Nov 3, 2016 7:44:11 PM","Nov 3, 2016 10:43:48 AM","Nov 3, 2016 11:42:28 AM",1,NA,NA,NA,NA,1,NA,1,NA,"Nov 3, 2016 10:44:00 AM",41240441,41240441,4,1,"2016-Nov-3 10:45:13",1,1,28,1,NA,3,NA,NA,1,NA,NA,NA,NA,0,"11",NA,3,1,2,1,7,2,NA,2,NA,"31",NA,NA,24,NA,"Munyoro",3,NA,"2016-Nov-3 10:49:33",7,NA,"1 10 11 8",NA,"5",NA,"2016-Nov-3 10:53:24",5,NA,1,2,5,"2016-Nov-3 10:54:30",3,3,NA,2,2,0.79252628693531,NA,NA,NA,NA,3,3,"2016-Nov-3 10:43:48",0,"2 4 7",NA,"2016-Nov-3 10:56:21",NA,1,2,1,1,"2016-Nov-3 10:58:17",NA,NA,"media\AA_ef3cf6b4-10cd-40d4-9869-323e96d724fe_note8_1.3gpp",NA,0.934042608489098,NA,NA,NA,NA,NA,NA,NA,NA,NA,NA,NA,NA,NA,NA,NA,NA,NA,NA,2,2,NA,1,2,NA,NA,2,NA,2,0.467971860182527,NA,2,NA,NA,1,NA,NA,1,1,1,NA,"2016-Nov-3 11:03:56",NA,0.524972620596779,NA,2,0.0228558541501243,1,NA,1,"2016-Nov-3 11:05:36",0.0333723087227442,NA,"2016-Nov-3 11:07:31",3,2,"2016-Nov-3 11:08:36","2016-Nov-3 11:16:43",3,NA,0,4,"2016-Nov-3 11:17:53",2,1,0.713256519853583,"2016-Nov-3 11:18:58",0.481684320290159,NA,1,NA,"2016-Nov-3 11:20:20",NA,NA,3,0,NA,NA,NA,NA,2,NA,3,1,NA,NA,2,NA,NA,2,2,NA,1,NA,6,NA,3,NA,"2016-Nov-3 11:22:40",NA,1,2,1,1,2,3,1,2,2,"2016-Nov-3 11:23:49",7,2,2,NA,"media\AA_ef3cf6b4-10cd-40d4-9869-323e96d724fe_note_sec19.3gpp",NA,NA,NA,NA,"6",NA,"Plays about Child sacrifice and rich people",NA,"2016-Nov-3 11:27:45",2,NA,NA,NA,NA,1,NA,3,NA,NA,1,NA,NA,"uuid:ef3cf6b4-10cd-40d4-9869-323e96d724fe",1611021954,"uuid:ef3cf6b4-10cd-40d4-9869-323e96d724fe",79
"31","Nov 3, 2016 7:44:13 PM","Nov 3, 2016 9:04:00 AM","Nov 3, 2016 10:11:22 AM",18,NA,NA,NA,NA,1,NA,1,NA,"Nov 3, 2016 9:04:00 AM",41240081,41240081,4,1,"2016-Nov-3 09:05:22",1,3,38,1,NA,2,NA,NA,8,5,0,7,NA,8,"11",NA,3,2,1,1,7,2,NA,2,NA,"31",NA,NA,24,NA,"Munyoro",2,NA,"2016-Nov-3 09:08:51",1,NA,"1 9 4 8",NA,"7",NA,"2016-Nov-3 09:12:42",5,3,NA,6,5,"2016-Nov-3 09:14:08",1,1,NA,1,2,0.673786169886759,NA,NA,NA,NA,2,2,"2016-Nov-3 09:04:00",1,"3 4 6",NA,"2016-Nov-3 09:21:14",NA,1,2,2,2,"2016-Nov-3 09:23:08",NA,NA,"media\AA_475053b8-4676-4075-be26-6bfbbb57dd08_note8_1.3gpp",NA,0.986873505374124,NA,NA,NA,NA,NA,NA,NA,NA,NA,NA,NA,NA,NA,NA,NA,NA,NA,NA,2,1,NA,1,1,NA,NA,2,NA,1,0.794644512266873,NA,NA,2,NA,1,2,NA,NA,1,1,NA,"2016-Nov-3 09:31:34",NA,0.875082368212211,NA,2,0.679327252441027,NA,1,2,"2016-Nov-3 09:33:03",0.578877035538854,NA,"2016-Nov-3 09:36:42",1,2,"2016-Nov-3 09:38:29","2016-Nov-3 09:50:05",5,NA,0,3,"2016-Nov-3 09:50:34",2,1,0.336656861885372,"2016-Nov-3 09:52:18",0.503481384073124,NA,NA,1,"2016-Nov-3 09:55:14",NA,NA,2,0,NA,NA,NA,NA,2,NA,3,1,NA,NA,2,NA,NA,4,5,NA,2,NA,5,NA,3,NA,"2016-Nov-3 09:57:29",NA,1,2,1,2,4,3,1,2,2,"2016-Nov-3 09:57:45",7,4,2,NA,"media\AA_475053b8-4676-4075-be26-6bfbbb57dd08_note_sec19.3gpp",NA,NA,NA,NA,"7",NA,NA,NA,"2016-Nov-3 09:59:29",2,NA,NA,NA,NA,1,NA,3,NA,NA,1,NA,NA,"uuid:475053b8-4676-4075-be26-6bfbbb57dd08",1611021954,"uuid:475053b8-4676-4075-be26-6bfbbb57dd08",79
"32","Nov 3, 2016 7:44:47 PM","Nov 3, 2016 1:01:54 PM","Nov 3, 2016 2:03:43 PM",40,NA,NA,NA,NA,1,NA,1,NA,"Nov 3, 2016 1:07:00 PM",41240061,41240061,4,1,"2016-Nov-3 13:07:44",2,2,26,2,NA,2,NA,NA,5,3,1,3,NA,4,"6",NA,2,1,1,2,6,2,NA,2,NA,"2",NA,NA,1,NA,"Muganda",3,NA,"2016-Nov-3 13:11:06",1,NA,"1 9 4 11",NA,"7",NA,"2016-Nov-3 13:14:53",4,NA,3,6,1,"2016-Nov-3 13:15:49",3,1,NA,1,2,0.638746072902368,NA,NA,1,1,NA,NA,"2016-Nov-3 13:01:55",0,"1 2 7",NA,"2016-Nov-3 13:20:33",NA,1,2,2,1,"2016-Nov-3 13:23:30",NA,NA,"media\AA_2a41c00f-2f86-450b-8c39-d1b1ad2210c7_note8_1.3gpp",NA,0.466473108783865,NA,NA,NA,NA,NA,NA,1,2,NA,1,2,NA,NA,NA,NA,NA,NA,NA,NA,NA,NA,NA,NA,NA,NA,2,NA,2,0.10931369877955,2,NA,NA,NA,1,NA,1,NA,1,1,NA,"2016-Nov-3 13:29:29",NA,0.636225827959693,NA,2,0.586830910745667,NA,1,2,"2016-Nov-3 13:31:14",0.653476720717179,NA,"2016-Nov-3 13:35:05",2,1,"2016-Nov-3 13:36:45","2016-Nov-3 13:43:59",9,NA,3,1,"2016-Nov-3 13:44:38",1,NA,0.146098173506055,"2016-Nov-3 13:46:10",0.556735202939944,NA,NA,1,"2016-Nov-3 13:47:54",NA,NA,5,0,NA,NA,NA,NA,2,NA,2,1,NA,NA,2,NA,NA,6,2,NA,1,NA,5,NA,3,NA,"2016-Nov-3 13:59:11",NA,1,2,2,NA,NA,NA,1,2,2,"2016-Nov-3 13:59:32",7,2,1,2,"media\AA_2a41c00f-2f86-450b-8c39-d1b1ad2210c7_note_sec19.3gpp",NA,NA,NA,NA,"5",NA,NA,NA,"2016-Nov-3 14:01:03",1,2,NA,NA,NA,1,NA,4,NA,NA,1,NA,NA,"uuid:2a41c00f-2f86-450b-8c39-d1b1ad2210c7",1611021954,"uuid:2a41c00f-2f86-450b-8c39-d1b1ad2210c7",79
"33","Nov 3, 2016 7:44:54 PM","Nov 3, 2016 8:53:16 AM","Nov 3, 2016 10:03:24 AM",8,NA,NA,NA,NA,1,NA,1,NA,"Nov 3, 2016 8:53:00 AM",41240151,41240151,4,1,"2016-Nov-3 08:54:49",1,1,31,1,NA,2,NA,NA,3,1,0,2,NA,2,"11",NA,3,1,1,1,19,NA,2,1,NA,"1 3 22 31",NA,NA,21,NA,"Munyankole",2,NA,"2016-Nov-3 08:57:53",6,NA,"3 4 5 6",NA,"5 1 9",NA,"2016-Nov-3 09:00:00",5,3,3,2,5,"2016-Nov-3 09:01:11",3,2,NA,1,1,0.868560118681256,NA,NA,NA,NA,3,3,"2016-Nov-3 08:53:17",1,"3 4 6",NA,"2016-Nov-3 09:04:06",NA,2,2,1,1,"2016-Nov-3 09:04:54",NA,NA,"media\AA_6ef4d0ad-8390-45a4-a391-0f3fbc0bc363_note8_1.3gpp",NA,0.613281059107435,NA,NA,NA,NA,NA,NA,NA,NA,NA,NA,NA,NA,1,2,NA,1,2,NA,NA,NA,NA,NA,NA,NA,NA,1,1,NA,0.208705817809046,1,NA,NA,NA,1,NA,2,NA,2,2,NA,"2016-Nov-3 09:08:21",NA,0.304470585032754,1,NA,0.469061846732286,1,NA,1,"2016-Nov-3 09:09:17",0.123629034796644,NA,"2016-Nov-3 09:11:42",2,1,"2016-Nov-3 09:12:45","2016-Nov-3 09:16:52",3,NA,1,1,"2016-Nov-3 09:17:13",1,NA,0.916429280143322,"2016-Nov-3 09:18:36",0.826731715748761,NA,NA,2,"2016-Nov-3 09:19:51",NA,NA,5,2,"2",NA,NA,NA,1,1,NA,2,NA,NA,2,NA,NA,4,5,NA,7,NA,5,NA,2,NA,"2016-Nov-3 09:22:32",NA,1,1,1,1,7,3,1,1,2,"2016-Nov-3 09:22:58",7,2,2,NA,"media\AA_6ef4d0ad-8390-45a4-a391-0f3fbc0bc363_note_sec19.3gpp",NA,NA,NA,NA,"7",NA,NA,NA,"2016-Nov-3 09:24:08",2,NA,NA,NA,NA,1,NA,6,NA,NA,1,NA,NA,"uuid:6ef4d0ad-8390-45a4-a391-0f3fbc0bc363",1611021954,"uuid:6ef4d0ad-8390-45a4-a391-0f3fbc0bc363",79
"34","Nov 3, 2016 7:44:58 PM","Nov 3, 2016 10:45:54 AM","Nov 3, 2016 11:35:51 AM",18,NA,NA,NA,NA,1,NA,1,NA,"Nov 3, 2016 10:46:00 AM",41240321,41240321,4,1,"2016-Nov-3 10:49:10",1,1,24,1,NA,2,NA,NA,1,NA,NA,NA,NA,3,"11",NA,3,2,2,1,4,2,NA,2,NA,"31",NA,NA,24,NA,"Munyoro",2,NA,"2016-Nov-3 10:51:43",7,NA,"9 3 5 8",NA,"9",NA,"2016-Nov-3 10:54:39",5,1,3,1,5,"2016-Nov-3 10:56:37",1,1,NA,2,2,0.916936587277893,NA,NA,NA,NA,1,1,"2016-Nov-3 10:45:54",1,"1 2 6",NA,"2016-Nov-3 11:01:49",NA,1,1,2,2,"2016-Nov-3 11:03:29",NA,NA,"media\AA_5c693dee-62d0-4b4b-a8af-850f166fa7bf_note8_1.3gpp",NA,0.524318009376101,NA,NA,NA,NA,NA,NA,NA,NA,NA,NA,NA,NA,2,1,NA,1,2,NA,NA,NA,NA,NA,NA,NA,NA,1,1,NA,0.734619768075949,NA,NA,2,NA,1,1,NA,NA,1,1,NA,"2016-Nov-3 11:09:51",NA,0.347787515726584,1,NA,0.373040440335098,2,NA,1,"2016-Nov-3 11:10:40",0.333128379624504,NA,"2016-Nov-3 11:13:24",2,2,"2016-Nov-3 11:14:32","2016-Nov-3 11:22:38",5,NA,0,9,"2016-Nov-3 11:22:59",2,1,0.64543043820055,"2016-Nov-3 11:24:09",0.983792252702182,NA,NA,1,"2016-Nov-3 11:25:55",NA,NA,2,0,NA,NA,NA,NA,2,NA,1,1,NA,NA,3,NA,NA,1,5,NA,2,NA,3,NA,2,NA,"2016-Nov-3 11:28:24",NA,1,2,1,1,4,3,1,2,2,"2016-Nov-3 11:28:53",5,2,2,NA,"media\AA_5c693dee-62d0-4b4b-a8af-850f166fa7bf_note_sec19.3gpp",NA,3,NA,NA,NA,NA,NA,NA,"2016-Nov-3 11:31:44",2,NA,NA,NA,NA,1,NA,2,NA,NA,1,NA,NA,"uuid:5c693dee-62d0-4b4b-a8af-850f166fa7bf",1611021954,"uuid:5c693dee-62d0-4b4b-a8af-850f166fa7bf",79
"35","Nov 3, 2016 7:45:00 PM","Nov 3, 2016 11:59:11 AM","Nov 3, 2016 1:06:47 PM",9,NA,NA,NA,NA,2,NA,1,NA,"Nov 3, 2016 11:59:00 AM",41240201,41240201,4,1,"2016-Nov-3 12:00:29",1,3,47,1,NA,1,NA,NA,8,4,0,7,NA,10,"1 3 5",NA,1,1,1,1,11,NA,2,2,NA,"3 27 29",NA,NA,1,NA,"Muganda",3,NA,"2016-Nov-3 12:06:15",1,NA,"1 9 6 8",NA,"1 2 3 4",NA,"2016-Nov-3 12:07:53",5,NA,2,2,5,"2016-Nov-3 12:09:18",2,1,NA,NA,1,0.712047491261927,NA,NA,NA,NA,1,1,"2016-Nov-3 11:59:12",1,"3 5 8",NA,"2016-Nov-3 12:17:49",NA,1,2,1,1,"2016-Nov-3 12:19:12",NA,NA,NA,NA,0.533711315582576,NA,NA,NA,NA,NA,NA,NA,NA,NA,NA,NA,NA,1,2,NA,1,2,NA,NA,NA,NA,NA,NA,NA,NA,2,NA,2,0.726409150911478,NA,NA,2,NA,1,2,NA,NA,1,1,NA,"2016-Nov-3 12:22:25",NA,0.977710663295366,NA,1,0.908336194808173,NA,2,1,"2016-Nov-3 12:23:34",0.976808908492745,NA,"2016-Nov-3 12:26:25",1,1,"2016-Nov-3 12:28:43","2016-Nov-3 12:36:25",9,NA,3,4,"2016-Nov-3 12:37:04",2,1,0.343321135693132,"2016-Nov-3 12:38:43",0.826155182566585,NA,NA,2,"2016-Nov-3 12:44:34",NA,NA,3,0,NA,NA,NA,NA,1,1,NA,1,NA,NA,2,NA,NA,5,3,NA,2,NA,5,NA,3,NA,"2016-Nov-3 12:47:07",NA,1,2,1,2,7,3,1,2,2,"2016-Nov-3 12:47:40",7,4,1,1,NA,NA,NA,NA,NA,"5",NA,NA,NA,"2016-Nov-3 12:49:30",2,NA,NA,NA,NA,1,NA,3,NA,NA,1,NA,NA,"uuid:3442d73e-f2f5-4e87-a639-658ce1f4bc0f",1611021954,"uuid:3442d73e-f2f5-4e87-a639-658ce1f4bc0f",79
"36","Nov 3, 2016 7:45:10 PM","Nov 3, 2016 1:50:09 PM","Nov 3, 2016 5:00:17 PM",1,NA,NA,NA,NA,1,NA,1,NA,"Nov 3, 2016 1:51:00 PM",41240371,41240371,4,1,"2016-Nov-3 13:51:43",1,1,25,1,NA,7,NA,NA,1,NA,NA,NA,NA,3,"11",NA,3,2,1,2,6,2,NA,2,NA,"31",NA,NA,24,NA,"Munyoro",5,NA,"2016-Nov-3 13:54:32",5,NA,"1 9 10 8",NA,"5 4",NA,"2016-Nov-3 13:57:31",4,NA,2,2,5,"2016-Nov-3 13:58:43",1,3,NA,1,1,0.405716569071492,NA,NA,2,1,NA,NA,"2016-Nov-3 13:50:09",1,"6 7 8",NA,"2016-Nov-3 13:59:38",NA,2,2,1,2,"2016-Nov-3 14:01:20",NA,NA,"media\AA_d074c9a7-0867-402d-b608-714ad5adff0f_note8_1.3gpp",NA,0.959569567198528,NA,NA,NA,NA,NA,NA,NA,NA,NA,NA,NA,NA,NA,NA,NA,NA,NA,NA,1,1,NA,2,2,NA,NA,1,1,NA,0.523946808149698,NA,2,NA,NA,2,NA,NA,2,1,2,NA,"2016-Nov-3 14:09:27",NA,0.957844598593625,NA,2,0.654421427846077,NA,2,2,"2016-Nov-3 14:10:00",0.0563986247076974,NA,"2016-Nov-3 14:12:15",3,1,"2016-Nov-3 14:13:22","2016-Nov-3 14:21:39",3,NA,0,2,"2016-Nov-3 14:22:09",2,1,0.230257736287186,"2016-Nov-3 14:23:00",0.00626314562692887,NA,1,NA,"2016-Nov-3 14:41:50",NA,NA,0,NA,NA,NA,NA,NA,2,NA,3,1,NA,NA,3,NA,NA,1,3,NA,7,NA,3,NA,2,NA,"2016-Nov-3 14:26:42",NA,1,2,1,2,4,3,1,2,2,"2016-Nov-3 14:24:29",7,2,2,NA,"media\AA_d074c9a7-0867-402d-b608-714ad5adff0f_note_sec19.3gpp",NA,NA,NA,NA,"7",NA,NA,NA,"2016-Nov-3 14:25:49",2,NA,NA,NA,NA,1,NA,6,NA,NA,1,NA,NA,"uuid:d074c9a7-0867-402d-b608-714ad5adff0f",1611021954,"uuid:d074c9a7-0867-402d-b608-714ad5adff0f",79
"37","Nov 3, 2016 7:45:11 PM","Nov 3, 2016 4:34:45 PM","Nov 3, 2016 5:22:17 PM",40,NA,NA,NA,NA,1,NA,1,NA,"Nov 3, 2016 4:35:00 PM",41240211,41240211,4,1,"2016-Nov-3 16:35:43",2,2,37,2,NA,2,NA,NA,5,2,2,2,NA,6,"11",NA,2,1,1,1,5,4,NA,2,NA,"31",NA,NA,24,NA,"Munyoro",3,NA,"2016-Nov-3 16:39:04",1,NA,"10 4 11 8",NA,"1",NA,"2016-Nov-3 16:42:31",5,NA,3,6,5,"2016-Nov-3 16:43:18",2,3,NA,2,2,0.610896742500987,NA,NA,1,1,NA,NA,"2016-Nov-3 16:34:46",1,"1 3 6",NA,"2016-Nov-3 16:46:54",NA,1,2,2,1,"2016-Nov-3 16:48:13",NA,NA,"media\AA_c2f29966-ab43-4f3a-ba28-a191f3df5547_note8_1.3gpp",NA,0.575482878110689,NA,NA,NA,NA,NA,NA,NA,NA,NA,NA,NA,NA,1,2,NA,1,2,NA,NA,NA,NA,NA,NA,NA,NA,2,NA,2,0.91500763684001,NA,NA,2,NA,2,2,NA,NA,1,1,NA,"2016-Nov-3 16:52:00",NA,0.461752199259318,1,NA,0.274198507122112,2,NA,2,"2016-Nov-3 16:53:48",0.363645127363641,NA,"2016-Nov-3 16:57:47",2,2,"2016-Nov-3 16:59:30","2016-Nov-3 17:06:34",4,NA,1,2,"2016-Nov-3 17:07:17",2,1,0.410516810716055,"2016-Nov-3 17:08:41",0.521983996722585,NA,NA,1,"2016-Nov-3 17:09:49",NA,NA,1,0,NA,NA,NA,NA,2,NA,2,1,NA,NA,1,NA,NA,4,7,NA,1,NA,1,NA,3,NA,"2016-Nov-3 17:12:40",NA,1,2,1,2,7,3,1,2,2,"2016-Nov-3 17:13:17",7,4,1,2,"media\AA_c2f29966-ab43-4f3a-ba28-a191f3df5547_note_sec19.3gpp",NA,NA,NA,NA,"7",NA,NA,NA,"2016-Nov-3 17:15:26",1,2,NA,NA,NA,1,NA,3,NA,NA,1,NA,NA,"uuid:c2f29966-ab43-4f3a-ba28-a191f3df5547",1611021954,"uuid:c2f29966-ab43-4f3a-ba28-a191f3df5547",79
"38","Nov 3, 2016 7:45:32 PM","Nov 3, 2016 12:01:33 PM","Nov 3, 2016 1:00:29 PM",18,NA,NA,NA,NA,1,NA,1,NA,"Nov 3, 2016 12:01:00 PM",41240451,41240451,4,1,"2016-Nov-3 12:02:53",1,2,23,1,NA,2,NA,NA,3,1,0,2,NA,2,"11",NA,3,2,1,1,6,1,NA,2,NA,"31",NA,NA,24,NA,"Munyoro",2,NA,"2016-Nov-3 12:06:35",1,NA,"1 9 3 8",NA,"8",NA,"2016-Nov-3 12:09:39",4,3,NA,6,5,"2016-Nov-3 12:11:21",2,2,NA,1,2,0.841777280871688,NA,NA,NA,NA,3,1,"2016-Nov-3 12:01:33",0,"3 4 8",NA,"2016-Nov-3 12:18:34",NA,1,2,1,2,"2016-Nov-3 12:20:04",NA,NA,"media\AA_d38234ca-725f-4361-a463-aed49609ced3_note8_1.3gpp",NA,0.784361525268023,NA,NA,NA,NA,NA,NA,NA,NA,NA,NA,NA,NA,NA,NA,NA,NA,NA,NA,1,2,NA,1,2,NA,NA,2,NA,2,0.0897171419389471,2,NA,NA,NA,2,NA,2,NA,1,1,NA,"2016-Nov-3 12:25:57",NA,0.869538239845728,NA,2,0.729191724542488,NA,2,2,"2016-Nov-3 12:27:58",0.92395174631518,NA,"2016-Nov-3 12:32:05",2,2,"2016-Nov-3 12:34:40","2016-Nov-3 12:45:10",5,NA,1,10,"2016-Nov-3 12:45:48",2,1,0.251883517735066,"2016-Nov-3 12:47:40",0.662745665977865,NA,NA,1,"2016-Nov-3 12:50:45",NA,NA,0,NA,NA,NA,NA,NA,2,NA,3,1,NA,NA,2,NA,NA,2,5,NA,2,NA,5,NA,3,NA,"2016-Nov-3 12:52:23",NA,1,2,1,1,7,3,1,2,2,"2016-Nov-3 12:52:48",6,1,2,NA,"media\AA_d38234ca-725f-4361-a463-aed49609ced3_note_sec19.3gpp",NA,4,NA,NA,NA,NA,NA,NA,"2016-Nov-3 12:55:12",2,NA,NA,NA,NA,1,NA,3,NA,NA,1,NA,NA,"uuid:d38234ca-725f-4361-a463-aed49609ced3",1611021954,"uuid:d38234ca-725f-4361-a463-aed49609ced3",79
"39","Nov 3, 2016 7:45:38 PM","Nov 3, 2016 12:29:58 PM","Nov 3, 2016 1:24:19 PM",8,NA,NA,NA,NA,1,NA,1,NA,"Nov 3, 2016 12:30:00 PM",41240031,41240031,4,1,"2016-Nov-3 12:31:03",1,1,18,6,NA,7,NA,NA,6,4,1,4,NA,0,"11",NA,3,2,1,1,7,2,NA,2,NA,"1 22",NA,NA,26,NA,"Musoga",3,NA,"2016-Nov-3 12:34:18",10,NA,"10 4 5",NA,"2 7",NA,"2016-Nov-3 12:37:19",5,3,2,2,5,"2016-Nov-3 12:38:26",3,2,NA,3,2,0.722338128057626,NA,NA,NA,NA,3,1,"2016-Nov-3 12:29:58",1,"3 4 5",NA,"2016-Nov-3 12:41:56",NA,2,2,1,1,"2016-Nov-3 12:42:58",NA,NA,"media\AA_727f2261-8437-4a50-bb3a-1b8a757be049_note8_1.3gpp",NA,0.504709517505376,NA,NA,NA,NA,NA,NA,NA,NA,NA,NA,NA,NA,2,1,NA,1,2,NA,NA,NA,NA,NA,NA,NA,NA,1,1,NA,0.7496237441388,NA,NA,1,NA,1,2,NA,NA,2,1,NA,"2016-Nov-3 12:46:43",NA,0.921127907142142,NA,2,0.752459982016505,NA,1,2,"2016-Nov-3 12:47:45",0.85520171455005,NA,"2016-Nov-3 12:50:19",2,2,"2016-Nov-3 12:51:27","2016-Nov-3 12:56:32",3,NA,1,1,"2016-Nov-3 12:56:57",2,1,0.298074172846874,"2016-Nov-3 12:58:19",0.329481813701471,NA,1,NA,"2016-Nov-3 12:59:27",NA,NA,4,1,"3",NA,NA,NA,1,1,NA,1,NA,NA,1,NA,NA,6,5,NA,1,NA,5,NA,3,NA,"2016-Nov-3 13:02:03",NA,1,2,1,1,4,3,1,2,2,"2016-Nov-3 13:02:50",2,1,1,1,"media\AA_727f2261-8437-4a50-bb3a-1b8a757be049_note_sec19.3gpp",NA,3,NA,NA,NA,NA,NA,NA,"2016-Nov-3 13:04:33",2,NA,NA,NA,NA,1,NA,3,NA,NA,1,NA,NA,"uuid:727f2261-8437-4a50-bb3a-1b8a757be049",1611021954,"uuid:727f2261-8437-4a50-bb3a-1b8a757be049",79
"40","Nov 3, 2016 7:46:11 PM","Nov 3, 2016 2:55:01 PM","Nov 3, 2016 4:28:51 PM",1,NA,NA,NA,NA,1,NA,1,NA,"Nov 3, 2016 2:55:00 PM",41240281,41240281,4,1,"2016-Nov-3 14:56:45",1,1,26,1,NA,1,NA,NA,5,3,0,4,NA,5,"11",NA,2,2,1,1,5,2,NA,2,NA,"31",NA,NA,1,NA,"Muganda",1,NA,"2016-Nov-3 15:02:24",1,NA,"9 4 5 8",NA,"5",NA,"2016-Nov-3 15:03:18",5,1,1,2,5,"2016-Nov-3 15:03:54",3,3,NA,2,2,0.710979698835993,NA,NA,NA,NA,2,3,"2016-Nov-3 14:55:01",1,"1 7 8",NA,"2016-Nov-3 15:05:51",NA,1,2,1,2,"2016-Nov-3 15:07:37",NA,NA,"media\AA_3f85649c-e66d-4ce6-b310-ce720ef638f5_note8_1.3gpp",NA,0.974332662983977,NA,NA,NA,NA,NA,NA,NA,NA,NA,NA,NA,NA,NA,NA,NA,NA,NA,NA,1,1,NA,1,2,NA,NA,2,NA,2,0.543837185951302,NA,2,NA,NA,1,NA,NA,2,2,1,NA,"2016-Nov-3 15:16:15",NA,0.26374055717547,1,NA,0.632141930716221,NA,1,1,"2016-Nov-3 15:17:11",0.442655113788172,NA,"2016-Nov-3 15:20:35",1,2,"2016-Nov-3 15:22:16","2016-Nov-3 15:30:24",11,NA,1,9,"2016-Nov-3 15:30:59",2,1,0.307027369723788,"2016-Nov-3 15:33:01",0.891698816258372,NA,NA,1,"2016-Nov-3 15:33:13",NA,NA,6,1,"1",NA,NA,NA,2,NA,2,2,NA,NA,2,NA,NA,3,2,NA,1,NA,6,NA,3,NA,"2016-Nov-3 15:36:37",NA,1,2,1,2,3,3,1,1,1,"2016-Nov-3 15:37:03",7,2,2,NA,"media\AA_3f85649c-e66d-4ce6-b310-ce720ef638f5_note_sec19.3gpp",NA,NA,NA,NA,"6",NA,"That they were boring story telling movies",NA,"2016-Nov-3 15:39:11",2,NA,NA,NA,NA,1,NA,4,NA,NA,1,NA,NA,"uuid:3f85649c-e66d-4ce6-b310-ce720ef638f5",1611021954,"uuid:3f85649c-e66d-4ce6-b310-ce720ef638f5",79
"41","Nov 3, 2016 7:46:15 PM","Nov 3, 2016 8:56:49 AM","Nov 3, 2016 1:06:27 PM",39,NA,NA,NA,NA,1,NA,1,NA,"Nov 3, 2016 8:59:00 AM",41240271,41240271,4,1,"2016-Nov-3 09:01:10",2,3,24,2,NA,1,NA,NA,6,4,1,4,NA,2,"11",NA,1,1,1,2,6,2,NA,26,NA,"2",NA,NA,14,NA,"Mufumbira",5,NA,"2016-Nov-3 09:06:06",1,NA,"1 11 6 8",NA,"5 1 2 3 7 9",NA,"2016-Nov-3 09:08:08",3,NA,NA,6,1,"2016-Nov-3 09:08:41",3,2,NA,3,NA,0.00492486667565883,3,1,NA,NA,NA,NA,"2016-Nov-3 08:56:49",1,"2 3 6",NA,"2016-Nov-3 09:12:03",NA,2,2,1,1,"2016-Nov-3 09:13:14",NA,NA,"media\AA_4bb797e7-05e2-45f6-9ec1-3736339ad649_note8_1.3gpp",NA,0.983886417633313,NA,NA,NA,NA,NA,NA,NA,NA,NA,NA,NA,NA,NA,NA,NA,NA,NA,NA,1,1,NA,2,1,NA,NA,2,NA,1,0.779597598874161,NA,NA,1,NA,1,2,NA,NA,2,1,NA,"2016-Nov-3 09:16:53",NA,0.574415122236933,NA,2,0.0420173751209285,2,NA,2,"2016-Nov-3 09:18:18",0.0482246999503505,NA,"2016-Nov-3 09:21:29",2,1,"2016-Nov-3 09:22:51","2016-Nov-3 09:27:36",3,NA,1,1,"2016-Nov-3 09:28:00",1,NA,0.422899277794497,"2016-Nov-3 09:29:25",0.471205837735495,NA,1,NA,"2016-Nov-3 09:30:28",NA,NA,4,3,"1 2 3",NA,NA,NA,1,1,NA,1,NA,NA,2,NA,NA,4,5,NA,7,NA,5,NA,3,NA,"2016-Nov-3 09:32:32",NA,2,2,1,2,3,3,1,2,2,"2016-Nov-3 09:33:06",7,2,NA,NA,"media\AA_4bb797e7-05e2-45f6-9ec1-3736339ad649_note_sec19.3gpp",NA,NA,NA,NA,"7",NA,NA,NA,"2016-Nov-3 09:34:32",2,NA,NA,NA,NA,1,NA,4,NA,NA,1,NA,NA,"uuid:4bb797e7-05e2-45f6-9ec1-3736339ad649",1611021954,"uuid:4bb797e7-05e2-45f6-9ec1-3736339ad649",79
"42","Nov 3, 2016 7:46:39 PM","Nov 3, 2016 2:21:16 PM","Nov 3, 2016 3:11:14 PM",18,NA,NA,NA,NA,1,NA,1,NA,"Nov 3, 2016 2:21:00 PM",41240431,41240431,4,1,"2016-Nov-3 14:22:13",1,3,32,1,NA,2,NA,NA,2,0,0,1,NA,5,"7",NA,2,1,1,1,10,NA,2,2,NA,"27 29 31",NA,NA,24,NA,"Munyoro",3,NA,"2016-Nov-3 14:24:37",7,NA,"1 9 4 6",NA,"5 4",NA,"2016-Nov-3 14:27:18",4,NA,3,2,5,"2016-Nov-3 14:28:43",2,1,NA,2,2,0.371491312133758,NA,NA,3,3,NA,NA,"2016-Nov-3 14:21:16",0,"1 4 8",NA,"2016-Nov-3 14:32:35",NA,1,2,1,2,"2016-Nov-3 14:33:53",NA,NA,"media\AA_0af3fb25-fcb9-4d6a-bce0-def850368d36_note8_1.3gpp",NA,0.185807735151933,2,1,NA,2,2,NA,NA,NA,NA,NA,NA,NA,NA,NA,NA,NA,NA,NA,NA,NA,NA,NA,NA,NA,NA,2,NA,2,0.313678316487402,2,NA,NA,NA,2,NA,1,NA,2,1,NA,"2016-Nov-3 14:39:38",NA,0.725369765749933,NA,2,0.149809276218741,1,NA,2,"2016-Nov-3 14:40:24",0.409117105029834,NA,"2016-Nov-3 14:43:41",1,2,"2016-Nov-3 14:44:57","2016-Nov-3 14:52:39",9,NA,1,1,"2016-Nov-3 14:52:58",1,NA,0.460509439578948,"2016-Nov-3 14:54:13",0.193482263239365,NA,1,NA,"2016-Nov-3 14:55:59",NA,NA,3,1,"2",NA,NA,NA,2,NA,2,1,NA,NA,3,NA,NA,2,5,NA,2,NA,5,NA,2,NA,"2016-Nov-3 14:58:55",NA,1,1,1,1,2,3,1,2,1,"2016-Nov-3 14:59:21",6,2,1,1,"media\AA_0af3fb25-fcb9-4d6a-bce0-def850368d36_note_sec19.3gpp",NA,5,NA,NA,NA,NA,NA,NA,"2016-Nov-3 15:01:39",2,NA,NA,NA,NA,1,NA,4,NA,NA,1,NA,NA,"uuid:0af3fb25-fcb9-4d6a-bce0-def850368d36",1611021954,"uuid:0af3fb25-fcb9-4d6a-bce0-def850368d36",79
"43","Nov 3, 2016 7:46:38 PM","Nov 3, 2016 5:33:15 PM","Nov 3, 2016 7:36:07 PM",40,NA,NA,NA,NA,1,NA,1,NA,"Nov 3, 2016 5:34:00 PM",41240351,41240351,4,1,"2016-Nov-3 17:34:16",2,1,43,6,NA,6,NA,NA,3,1,1,1,NA,3,"11",NA,3,1,1,1,7,2,NA,2,NA,"1 31 34",NA,NA,24,NA,"Munyoro",3,NA,"2016-Nov-3 17:37:08",1,NA,"9 10 6 8",NA,"7",NA,"2016-Nov-3 17:40:38",5,2,1,2,5,"2016-Nov-3 17:41:41",1,1,NA,1,2,0.178775321996195,1,1,NA,NA,NA,NA,"2016-Nov-3 17:33:16",1,"3 4 8",NA,"2016-Nov-3 17:46:45",NA,1,2,1,1,"2016-Nov-3 17:48:21",NA,NA,"media\AA_6a33af48-99da-4fc0-bbca-f0433c63183d_note8_1.3gpp",NA,0.701351948236767,NA,NA,NA,NA,NA,NA,NA,NA,NA,NA,NA,NA,2,1,NA,1,1,NA,NA,NA,NA,NA,NA,NA,NA,2,NA,2,0.564090797895857,NA,2,NA,NA,1,NA,NA,1,2,1,NA,"2016-Nov-3 17:59:21",NA,0.310077114563371,1,NA,0.492251332169415,2,NA,1,"2016-Nov-3 18:01:29",0.917544625071608,NA,"2016-Nov-3 18:09:23",1,1,"2016-Nov-3 18:11:28","2016-Nov-3 18:24:05",3,NA,1,2,"2016-Nov-3 18:24:40",2,1,0.198756135077062,"2016-Nov-3 18:30:36",0.911560279189706,NA,NA,1,"2016-Nov-3 18:36:40",NA,NA,3,2,"2 3",NA,NA,NA,1,1,NA,1,NA,NA,1,NA,NA,6,7,NA,1,NA,1,NA,3,NA,"2016-Nov-3 18:41:23",NA,1,2,1,1,4,3,1,2,2,"2016-Nov-3 18:41:57",7,2,2,NA,"media\AA_6a33af48-99da-4fc0-bbca-f0433c63183d_note_sec19.3gpp",NA,NA,NA,NA,"7",NA,NA,NA,"2016-Nov-3 18:43:05",1,2,NA,NA,NA,1,NA,6,NA,NA,1,NA,NA,"uuid:6a33af48-99da-4fc0-bbca-f0433c63183d",1611021954,"uuid:6a33af48-99da-4fc0-bbca-f0433c63183d",79
"44","Nov 3, 2016 7:46:46 PM","Nov 3, 2016 9:58:31 AM","Nov 3, 2016 1:07:07 PM",39,NA,NA,NA,NA,1,NA,1,NA,"Nov 3, 2016 10:01:00 AM",41240311,41240311,4,1,"2016-Nov-3 10:02:35",2,2,46,2,NA,1,NA,NA,12,8,1,10,NA,9,"5",NA,3,2,2,2,5,2,NA,2,NA,"31",NA,NA,1,NA,"Muganda",3,NA,"2016-Nov-3 10:06:33",1,NA,"9 11 8",NA,"1 2 4 7",NA,"2016-Nov-3 10:08:27",5,NA,NA,6,1,"2016-Nov-3 10:08:59",2,2,NA,3,1,0.686190358703352,NA,NA,NA,NA,3,1,"2016-Nov-3 09:58:31",1,"2 4 6",NA,"2016-Nov-3 10:12:35",NA,2,2,2,1,"2016-Nov-3 10:13:55",NA,NA,"media\AA_fabc0fca-181b-4c95-a2bf-986bb01666e5_note8_1.3gpp",NA,0.110701021946653,2,1,NA,2,2,NA,NA,NA,NA,NA,NA,NA,NA,NA,NA,NA,NA,NA,NA,NA,NA,NA,NA,NA,NA,1,1,NA,0.439306070748107,NA,2,NA,NA,1,NA,NA,1,1,1,NA,"2016-Nov-3 10:17:22",NA,0.316942043526644,1,NA,0.999067132028362,NA,1,1,"2016-Nov-3 10:18:50",0.652936380183173,NA,"2016-Nov-3 10:21:51",1,2,"2016-Nov-3 10:23:36","2016-Nov-3 10:29:10",3,NA,1,2,"2016-Nov-3 10:29:23",1,NA,0.805492218734481,"2016-Nov-3 10:31:01",0.204394199753768,NA,1,NA,"2016-Nov-3 10:32:15",NA,NA,2,1,"1 2 3",NA,NA,NA,1,2,NA,1,NA,NA,2,NA,NA,2,5,NA,2,NA,6,NA,3,NA,"2016-Nov-3 10:34:58",NA,1,2,1,2,6,3,1,2,2,"2016-Nov-3 10:35:28",6,2,NA,NA,"media\AA_fabc0fca-181b-4c95-a2bf-986bb01666e5_note_sec19.3gpp",NA,4,NA,NA,NA,NA,NA,NA,"2016-Nov-3 10:37:13",2,NA,NA,NA,NA,1,NA,4,NA,NA,1,NA,NA,"uuid:fabc0fca-181b-4c95-a2bf-986bb01666e5",1611021954,"uuid:fabc0fca-181b-4c95-a2bf-986bb01666e5",79
"45","Nov 3, 2016 7:47:07 PM","Nov 3, 2016 11:07:28 AM","Nov 3, 2016 1:17:20 PM",39,NA,NA,NA,NA,1,NA,1,NA,"Nov 3, 2016 11:09:00 AM",41240301,41240301,4,1,"2016-Nov-3 11:10:34",2,1,34,2,NA,1,NA,NA,6,3,1,4,NA,5,"11",NA,3,1,1,2,5,2,NA,2,NA,"31",NA,NA,18,NA,"Mukiga",1,NA,"2016-Nov-3 11:13:54",1,NA,"1 11 6 8",NA,"5 1 4 7",NA,"2016-Nov-3 11:16:06",4,NA,NA,4,4,"2016-Nov-3 11:16:56",2,1,NA,2,2,0.448538832627013,NA,NA,2,2,NA,NA,"2016-Nov-3 11:07:29",0,"1 3 6",NA,"2016-Nov-3 11:20:26",NA,2,2,2,2,"2016-Nov-3 11:21:09",NA,NA,"media\AA_62cf0225-b87d-4ab9-82e2-18c924ad16f7_note8_1.3gpp",NA,0.45688594023357,NA,NA,NA,NA,NA,NA,2,2,NA,2,1,NA,NA,NA,NA,NA,NA,NA,NA,NA,NA,NA,NA,NA,NA,2,NA,1,0.475732192163128,NA,2,NA,NA,1,NA,NA,2,2,1,NA,"2016-Nov-3 11:24:41",NA,0.820764696037815,NA,2,0.718680916305399,NA,1,1,"2016-Nov-3 11:26:03",0.555122543027273,NA,"2016-Nov-3 11:28:28",2,1,"2016-Nov-3 11:30:05","2016-Nov-3 11:35:49",5,NA,1,3,"2016-Nov-3 11:36:27",2,1,0.359289834256331,"2016-Nov-3 11:38:08",0.858669450406307,NA,NA,1,"2016-Nov-3 11:39:28",NA,NA,1,1,"4",NA,NA,NA,1,1,NA,1,NA,NA,2,NA,NA,4,5,NA,7,NA,5,NA,2,NA,"2016-Nov-3 11:41:24",NA,1,1,1,2,3,3,1,1,2,"2016-Nov-3 11:41:48",7,4,NA,NA,"media\AA_62cf0225-b87d-4ab9-82e2-18c924ad16f7_note_sec19.3gpp",NA,NA,NA,NA,"7",NA,NA,NA,"2016-Nov-3 11:42:48",2,NA,NA,NA,NA,1,NA,5,NA,NA,1,NA,NA,"uuid:62cf0225-b87d-4ab9-82e2-18c924ad16f7",1611021954,"uuid:62cf0225-b87d-4ab9-82e2-18c924ad16f7",79
"46","Nov 3, 2016 7:47:34 PM","Nov 3, 2016 2:36:35 PM","Nov 3, 2016 3:28:34 PM",8,NA,NA,NA,NA,1,NA,1,NA,"Nov 3, 2016 2:36:00 PM",41240111,41240111,4,1,"2016-Nov-3 14:37:25",1,1,28,1,NA,2,NA,NA,3,1,0,2,NA,4,"11",NA,3,2,1,1,7,2,NA,2,NA,"31",NA,NA,24,NA,"Munyoro",3,NA,"2016-Nov-3 14:40:47",1,NA,"1 10 6 8",NA,"5 7",NA,"2016-Nov-3 14:43:10",5,3,3,2,5,"2016-Nov-3 14:44:10",3,3,NA,1,1,0.186341395745547,3,2,NA,NA,NA,NA,"2016-Nov-3 14:36:36",1,"1 5 6",NA,"2016-Nov-3 14:47:39",NA,1,2,2,2,"2016-Nov-3 14:49:11",NA,NA,"media\AA_7f78df79-7f7b-4d28-ae5d-0feac9a8ff93_note8_1.3gpp",NA,0.740544511350777,NA,NA,NA,NA,NA,NA,NA,NA,NA,NA,NA,NA,2,1,NA,1,1,NA,NA,NA,NA,NA,NA,NA,NA,1,1,NA,0.138513850858326,2,NA,NA,NA,1,NA,2,NA,1,1,NA,"2016-Nov-3 14:53:34",NA,0.826413047902442,NA,2,0.355261976562784,1,NA,2,"2016-Nov-3 14:55:27",0.479484848301498,NA,"2016-Nov-3 14:58:34",2,2,"2016-Nov-3 14:59:43","2016-Nov-3 15:05:49",3,NA,0,3,"2016-Nov-3 15:06:31",2,1,0.0616850764947057,"2016-Nov-3 15:07:55",0.928222299309631,NA,NA,1,"2016-Nov-3 15:08:32",NA,NA,0,NA,NA,NA,NA,NA,2,NA,3,1,NA,NA,2,NA,NA,2,5,NA,1,NA,5,NA,2,NA,"2016-Nov-3 15:09:50",NA,1,1,1,1,4,3,1,2,1,"2016-Nov-3 15:10:29",8,4,NA,NA,NA,NA,NA,NA,NA,NA,NA,NA,NA,"2016-Nov-3 15:11:04",2,NA,NA,NA,NA,1,NA,6,NA,NA,1,NA,NA,"uuid:7f78df79-7f7b-4d28-ae5d-0feac9a8ff93",1611021954,"uuid:7f78df79-7f7b-4d28-ae5d-0feac9a8ff93",79
"47","Nov 3, 2016 7:48:05 PM","Nov 3, 2016 3:32:55 PM","Nov 3, 2016 4:15:28 PM",8,NA,NA,NA,NA,1,NA,1,NA,"Nov 3, 2016 3:33:00 PM",41240461,41240461,4,1,"2016-Nov-3 15:34:32",1,1,21,6,NA,7,NA,NA,8,4,1,6,NA,0,"11",NA,3,2,1,1,7,2,NA,2,NA,"1",NA,NA,24,NA,"Munyoro",3,NA,"2016-Nov-3 15:38:23",13,NA,"1 4 5 6",NA,"5 2",NA,"2016-Nov-3 15:40:21",5,2,2,4,5,"2016-Nov-3 15:41:31",1,2,NA,2,2,0.525751664374252,NA,NA,2,3,NA,NA,"2016-Nov-3 15:32:56",1,"4 5 6",NA,"2016-Nov-3 15:44:44",NA,1,2,1,1,"2016-Nov-3 15:45:29",NA,NA,"media\AA_2cbc1fbe-4ac6-4911-89ae-6461febdbd00_note8_1.3gpp",NA,0.294764520134359,NA,NA,NA,NA,NA,NA,2,2,NA,1,2,NA,NA,NA,NA,NA,NA,NA,NA,NA,NA,NA,NA,NA,NA,1,1,NA,0.00150209928897083,2,NA,NA,NA,2,NA,2,NA,1,1,NA,"2016-Nov-3 15:48:31",NA,0.493097719837267,1,NA,0.661123217923501,NA,1,1,"2016-Nov-3 15:50:04",0.994907601603582,NA,"2016-Nov-3 15:52:35",1,1,"2016-Nov-3 15:53:36","2016-Nov-3 15:58:29",4,NA,7,2,"2016-Nov-3 15:59:23",1,NA,0.555244081349113,"2016-Nov-3 16:00:43",0.618903462247959,NA,NA,1,"2016-Nov-3 16:01:44",NA,NA,1,0,NA,NA,NA,NA,2,NA,3,2,NA,NA,2,NA,NA,4,5,NA,7,NA,5,NA,2,NA,"2016-Nov-3 16:04:14",NA,1,1,2,NA,NA,NA,1,1,1,"2016-Nov-3 16:04:50",7,2,2,NA,"media\AA_2cbc1fbe-4ac6-4911-89ae-6461febdbd00_note_sec19.3gpp",NA,NA,NA,NA,"7",NA,NA,NA,"2016-Nov-3 16:05:59",2,NA,NA,NA,NA,1,NA,3,NA,NA,1,NA,NA,"uuid:2cbc1fbe-4ac6-4911-89ae-6461febdbd00",1611021954,"uuid:2cbc1fbe-4ac6-4911-89ae-6461febdbd00",79
"48","Nov 3, 2016 7:48:47 PM","Nov 3, 2016 2:25:28 PM","Nov 3, 2016 4:19:46 PM",39,NA,NA,NA,NA,1,NA,1,NA,"Nov 3, 2016 2:32:00 PM",41240381,41240381,4,1,"2016-Nov-3 14:33:40",2,3,44,2,NA,1,NA,NA,7,4,1,5,NA,8,"8",NA,1,1,1,1,3,2,NA,1,NA,"1 31",NA,NA,24,NA,"Munyoro",1,NA,"2016-Nov-3 14:38:09",1,NA,"1 11 6 8",NA,"1 2 7",NA,"2016-Nov-3 14:40:44",5,NA,NA,1,5,"2016-Nov-3 14:41:52",3,3,NA,1,2,0.938478962992193,NA,NA,NA,NA,3,1,"2016-Nov-3 14:25:28",0,"3 4 6",NA,"2016-Nov-3 14:48:53",NA,2,2,1,1,"2016-Nov-3 14:50:31",NA,NA,"media\AA_33c194ab-9ecf-4593-be0d-506f2dce9376_note8_1.3gpp",NA,0.91213274423244,NA,NA,NA,NA,NA,NA,NA,NA,NA,NA,NA,NA,NA,NA,NA,NA,NA,NA,1,2,NA,1,2,NA,NA,1,1,NA,0.4309636254775,NA,2,NA,NA,2,NA,NA,2,1,1,NA,"2016-Nov-3 14:58:25",NA,0.634221626888633,NA,2,0.672310432332609,NA,1,1,"2016-Nov-3 14:59:37",0.383788149345085,NA,"2016-Nov-3 15:04:27",2,2,"2016-Nov-3 15:06:26","2016-Nov-3 15:13:19",17,"Bisaka",0,1,"2016-Nov-3 15:14:15",2,2,0.454500895147106,"2016-Nov-3 15:15:45",0.945827691957174,NA,NA,1,"2016-Nov-3 15:17:36",NA,NA,0,NA,NA,NA,NA,NA,1,2,NA,1,NA,NA,2,NA,NA,4,5,NA,2,NA,5,NA,3,NA,"2016-Nov-3 15:19:36",NA,1,1,1,2,7,3,1,2,2,"2016-Nov-3 15:20:23",7,1,1,2,"media\AA_33c194ab-9ecf-4593-be0d-506f2dce9376_note_sec19.3gpp",NA,NA,NA,NA,"5 1",NA,NA,NA,"2016-Nov-3 15:22:22",2,NA,NA,NA,NA,1,NA,5,NA,NA,1,NA,NA,"uuid:33c194ab-9ecf-4593-be0d-506f2dce9376",1611021954,"uuid:33c194ab-9ecf-4593-be0d-506f2dce9376",79
"49","Nov 8, 2016 9:42:09 PM","Nov 8, 2016 7:59:23 AM","Nov 8, 2016 11:00:35 AM",31,NA,NA,NA,NA,1,NA,1,NA,"Nov 8, 2016 9:55:00 AM",30624211,30624211,3,1,"2016-Nov-8 10:03:05",2,2,27,2,NA,2,NA,NA,6,4,1,4,NA,6,"2",NA,1,2,1,2,6,2,NA,2,NA,"30",NA,NA,22,NA,"Munyarwanda",3,NA,"2016-Nov-8 10:06:18",1,NA,"9 10 11 6",NA,"1 7",NA,"2016-Nov-8 10:09:26",5,NA,NA,2,5,"2016-Nov-8 10:10:37",3,2,NA,2,2,0.00437328650427038,1,1,NA,NA,NA,NA,"2016-Nov-8 07:59:24",0,"1 6 8",NA,"2016-Nov-8 10:14:26",NA,2,2,2,1,"2016-Nov-8 10:15:44",NA,NA,"media\AA_509f79ab-017c-4489-b97c-335d1bf63135_note8_1.3gpp",NA,0.14754538237866,2,1,NA,2,1,NA,NA,NA,NA,NA,NA,NA,NA,NA,NA,NA,NA,NA,NA,NA,NA,NA,NA,NA,NA,2,NA,2,0.0971428536812002,2,NA,NA,NA,2,NA,2,NA,1,1,NA,"2016-Nov-8 10:19:49",NA,0.0292865825839655,1,NA,0.555012113165208,NA,2,1,"2016-Nov-8 10:20:49",0.447425634381597,NA,"2016-Nov-8 10:23:38",3,2,"2016-Nov-8 10:25:37","2016-Nov-8 10:31:19",5,NA,1,2,"2016-Nov-8 10:31:40",1,NA,0.442173291881932,"2016-Nov-8 10:32:43",0.969526215428817,NA,NA,1,"2016-Nov-8 10:33:40",NA,NA,1,1,"1",NA,NA,NA,1,1,NA,1,NA,NA,2,NA,NA,2,2,NA,7,NA,5,NA,3,NA,"2016-Nov-8 10:35:16",NA,1,1,1,2,4,3,1,2,1,"2016-Nov-8 10:35:44",7,4,2,NA,"media\AA_509f79ab-017c-4489-b97c-335d1bf63135_note_sec19.3gpp",NA,NA,NA,NA,"7",NA,NA,NA,"2016-Nov-8 10:36:53",2,NA,NA,NA,NA,1,NA,4,NA,NA,1,NA,NA,"uuid:509f79ab-017c-4489-b97c-335d1bf63135",1611021954,"uuid:509f79ab-017c-4489-b97c-335d1bf63135",53
